Content,Host
Jul 28 00:43:48 localhost dbus-daemon[72064]: [system] Activation via systemd failed for unit 'dbus-org.freedesktop.nm-dispatcher.service': Unit dbus-org.freedesktop.nm-dispatcher.service not found. ;-; Jul 28 00:43:48 localhost dbus-daemon[72064]: [system] Activation via systemd failed for unit 'dbus-org.freedesktop.nm-dispatcher.service': Unit dbus-org.freedesktop.nm-dispatcher.service not found. ;-; Jul 28 00:43:49 localhost dbus-daemon[72064]: [system] Activation via systemd failed for unit 'dbus-org.freedesktop.nm-dispatcher.service': Unit dbus-org.freedesktop.nm-dispatcher.service not found. ;-; Jul 28 00:43:49 localhost dbus-daemon[72064]: [system] Activation via systemd failed for unit 'dbus-org.freedesktop.nm-dispatcher.service': Unit dbus-org.freedesktop.nm-dispatcher.service not found. ;-; Jul 28 00:43:49 localhost dbus-daemon[72064]: [system] Activation via systemd failed for unit 'dbus-org.freedesktop.nm-dispatcher.service': Unit dbus-org.freedesktop.nm-dispatcher.service not found. ;-; Jul 28 00:43:49 localhost dbus-daemon[72064]: [system] Activation via systemd failed for unit 'dbus-org.freedesktop.nm-dispatcher.service': Unit dbus-org.freedesktop.nm-dispatcher.service not found.,localhost
Jul 28 00:44:02 localhost dbus-daemon[71758]: [system] Activation via systemd failed for unit 'dbus-org.freedesktop.nm-dispatcher.service': Unit dbus-org.freedesktop.nm-dispatcher.service not found. ;-; Jul 28 00:44:02 localhost dbus-daemon[71758]: [system] Activation via systemd failed for unit 'dbus-org.freedesktop.nm-dispatcher.service': Unit dbus-org.freedesktop.nm-dispatcher.service not found. ;-; Jul 28 00:44:03 localhost dbus-daemon[71758]: [system] Activation via systemd failed for unit 'dbus-org.freedesktop.nm-dispatcher.service': Unit dbus-org.freedesktop.nm-dispatcher.service not found. ;-; Jul 28 00:44:03 localhost dbus-daemon[71758]: [system] Activation via systemd failed for unit 'dbus-org.freedesktop.nm-dispatcher.service': Unit dbus-org.freedesktop.nm-dispatcher.service not found. ;-; Jul 28 00:44:03 localhost dbus-daemon[71758]: [system] Activation via systemd failed for unit 'dbus-org.freedesktop.nm-dispatcher.service': Unit dbus-org.freedesktop.nm-dispatcher.service not found. ;-; Jul 28 00:44:03 localhost dbus-daemon[71758]: [system] Activation via systemd failed for unit 'dbus-org.freedesktop.nm-dispatcher.service': Unit dbus-org.freedesktop.nm-dispatcher.service not found.,localhost
Jul 28 01:14:30 localhost kernel: tsc: Marking TSC unstable due to TSCs unsynchronized ;-; Jul 28 01:14:30 localhost systemd-vconsole-setup[192]: KD_FONT_OP_GET failed while trying to get the font metadata: Invalid argument ;-; Jul 28 01:14:30 localhost kernel: tsc: Marking TSC unstable due to TSCs unsynchronized ;-; Jul 28 01:14:30 localhost systemd-vconsole-setup[192]: KD_FONT_OP_GET failed while trying to get the font metadata: Invalid argument ;-; Jul 28 01:14:32 localhost systemd-vconsole-setup[823]: KD_FONT_OP_GET failed while trying to get the font metadata: Invalid argument ;-; Jul 28 01:14:32 localhost systemd-vconsole-setup[851]: KD_FONT_OP_GET failed while trying to get the font metadata: Invalid argument ;-; Jul 28 01:14:32 localhost systemd-vconsole-setup[823]: KD_FONT_OP_GET failed while trying to get the font metadata: Invalid argument ;-; Jul 28 01:14:32 localhost systemd-vconsole-setup[851]: KD_FONT_OP_GET failed while trying to get the font metadata: Invalid argument,localhost
Jul 28 01:16:02 localhost systemd[1]: Dependency failed for /dev/disk/by-label/SWAP. ;-; Jul 28 01:16:02 localhost systemd[1]: Dependency failed for Swap. ;-; Jul 28 01:16:02 localhost systemd[1]: swap.target: Job swap.target/start failed with result 'dependency'. ;-; Jul 28 01:16:02 localhost systemd[1]: dev-disk-by\\x2dlabel-SWAP.swap: Job dev-disk-by\\x2dlabel-SWAP.swap/start failed with result 'dependency'. ;-; Jul 28 01:16:02 localhost systemd[1]: dev-disk-by\\x2dlabel-SWAP.device: Job dev-disk-by\\x2dlabel-SWAP.device/start failed with result 'timeout'. ;-; Jul 28 01:16:02 localhost systemd[1]: Dependency failed for /dev/disk/by-label/SWAP. ;-; Jul 28 01:16:02 localhost systemd[1]: Dependency failed for Swap. ;-; Jul 28 01:16:02 localhost systemd[1]: swap.target: Job swap.target/start failed with result 'dependency'. ;-; Jul 28 01:16:02 localhost systemd[1]: dev-disk-by\\x2dlabel-SWAP.swap: Job dev-disk-by\\x2dlabel-SWAP.swap/start failed with result 'dependency'. ;-; Jul 28 01:16:02 localhost systemd[1]: dev-disk-by\\x2dlabel-SWAP.device: Job dev-disk-by\\x2dlabel-SWAP.device/start failed with result 'timeout'. ;-; Jul 28 01:16:03 localhost kdumpctl[2742]: kdump: Failed to mount LABEL=DBORA for kdump preflight check. ;-; Jul 28 01:16:03 localhost kdumpctl[2568]: kdump: mkdumprd: failed to make kdump initrd ;-; Jul 28 01:16:03 localhost systemd[1]: kdump.service: Failed with result 'exit-code'. ;-; Jul 28 01:16:03 localhost systemd[1]: Failed to start Crash recovery kernel arming. ;-; Jul 28 01:16:03 localhost kdumpctl[2742]: kdump: Failed to mount LABEL=DBORA for kdump preflight check. ;-; Jul 28 01:16:03 localhost kdumpctl[2568]: kdump: mkdumprd: failed to make kdump initrd ;-; Jul 28 01:16:03 localhost systemd[1]: kdump.service: Failed with result 'exit-code'. ;-; Jul 28 01:16:03 localhost systemd[1]: Failed to start Crash recovery kernel arming.,localhost
Jul 28 01:18:03 localhost systemd[1]: Dependency failed for /dev/disk/by-label/SWAP. ;-; Jul 28 01:18:03 localhost systemd[1]: dev-disk-by\\x2dlabel-SWAP.swap: Job dev-disk-by\\x2dlabel-SWAP.swap/start failed with result 'dependency'. ;-; Jul 28 01:18:03 localhost systemd[1]: dev-disk-by\\x2dlabel-SWAP.device: Job dev-disk-by\\x2dlabel-SWAP.device/start failed with result 'timeout'. ;-; Jul 28 01:18:03 localhost systemd[1]: Dependency failed for /dev/disk/by-label/SWAP. ;-; Jul 28 01:18:03 localhost systemd[1]: dev-disk-by\\x2dlabel-SWAP.swap: Job dev-disk-by\\x2dlabel-SWAP.swap/start failed with result 'dependency'. ;-; Jul 28 01:18:03 localhost systemd[1]: dev-disk-by\\x2dlabel-SWAP.device: Job dev-disk-by\\x2dlabel-SWAP.device/start failed with result 'timeout'.,localhost
Jul 29 12:47:09 localhost dbus-daemon[69928]: [system] Activation via systemd failed for unit 'dbus-org.freedesktop.nm-dispatcher.service': Unit dbus-org.freedesktop.nm-dispatcher.service not found. ;-; Jul 29 12:47:09 localhost dbus-daemon[69928]: [system] Activation via systemd failed for unit 'dbus-org.freedesktop.nm-dispatcher.service': Unit dbus-org.freedesktop.nm-dispatcher.service not found. ;-; Jul 29 12:47:09 localhost dbus-daemon[69928]: [system] Activation via systemd failed for unit 'dbus-org.freedesktop.nm-dispatcher.service': Unit dbus-org.freedesktop.nm-dispatcher.service not found. ;-; Jul 29 12:47:09 localhost dbus-daemon[69928]: [system] Activation via systemd failed for unit 'dbus-org.freedesktop.nm-dispatcher.service': Unit dbus-org.freedesktop.nm-dispatcher.service not found. ;-; Jul 29 12:47:09 localhost dbus-daemon[69928]: [system] Activation via systemd failed for unit 'dbus-org.freedesktop.nm-dispatcher.service': Unit dbus-org.freedesktop.nm-dispatcher.service not found. ;-; Jul 29 12:47:09 localhost dbus-daemon[69928]: [system] Activation via systemd failed for unit 'dbus-org.freedesktop.nm-dispatcher.service': Unit dbus-org.freedesktop.nm-dispatcher.service not found. ;-; Jul 29 12:47:09 localhost dbus-daemon[69928]: [system] Activation via systemd failed for unit 'dbus-org.freedesktop.nm-dispatcher.service': Unit dbus-org.freedesktop.nm-dispatcher.service not found. ;-; Jul 29 12:47:09 localhost dbus-daemon[69928]: [system] Activation via systemd failed for unit 'dbus-org.freedesktop.nm-dispatcher.service': Unit dbus-org.freedesktop.nm-dispatcher.service not found. ;-; Jul 29 12:47:09 localhost dbus-daemon[69928]: [system] Activation via systemd failed for unit 'dbus-org.freedesktop.nm-dispatcher.service': Unit dbus-org.freedesktop.nm-dispatcher.service not found. ;-; Jul 29 12:47:09 localhost dbus-daemon[69928]: [system] Activation via systemd failed for unit 'dbus-org.freedesktop.nm-dispatcher.service': Unit dbus-org.freedesktop.nm-dispatcher.service not found.,localhost
Jul 29 15:35:27 localhost kernel: mlx4_core 0000:3b:00.0: mlx4_core: xen_get_host_pages failed ret = -95 #012!,localhost
Jul 29 16:09:16 localhost systemd: Dependency failed for /dev/disk/by-label/SWAP. ;-; Jul 29 16:09:16 localhost systemd: Dependency failed for Swap. ;-; Jul 29 16:09:16 localhost systemd: Job swap.target/start failed with result 'dependency'. ;-; Jul 29 16:09:16 localhost systemd: Job dev-disk-by\\x2dlabel-SWAP.swap/start failed with result 'dependency'. ;-; Jul 29 16:09:16 localhost systemd: Job dev-disk-by\\x2dlabel-SWAP.device/start failed with result 'timeout'.,localhost
Jul 29 16:11:01 localhost systemd: Dependency failed for /dev/disk/by-label/SWAP. ;-; Jul 29 16:11:01 localhost systemd: Job dev-disk-by\\x2dlabel-SWAP.swap/start failed with result 'dependency'. ;-; Jul 29 16:11:01 localhost systemd: Job dev-disk-by\\x2dlabel-SWAP.device/start failed with result 'timeout'.,localhost
Jul 29 16:13:44 localhost systemd: Dependency failed for /dev/disk/by-label/SWAP. ;-; Jul 29 16:13:44 localhost systemd: Job dev-disk-by\\x2dlabel-SWAP.swap/start failed with result 'dependency'. ;-; Jul 29 16:13:44 localhost systemd: Job dev-disk-by\\x2dlabel-SWAP.device/start failed with result 'timeout'.,localhost
Jul 29 08:54:26 scaqae12adm03 kdumpctl: mkdumprd: failed to make kdump initrd ;-; Jul 29 08:54:26 scaqae12adm03 systemd: Failed to start Crash recovery kernel arming. ;-; Jul 29 08:54:26 scaqae12adm03 systemd: Unit kdump.service entered failed state. ;-; Jul 29 08:54:26 scaqae12adm03 systemd: kdump.service failed.,scaqae12adm03
Jul 29 09:31:41 scaqae12adm03 kdumpctl: failed to open xen control interface. ;-; Jul 29 09:31:41 scaqae12adm03 kdumpctl: kexec: failed to load kdump kernel ;-; Jul 29 09:31:41 scaqae12adm03 systemd: Failed to start Crash recovery kernel arming. ;-; Jul 29 09:31:41 scaqae12adm03 systemd: Unit kdump.service entered failed state. ;-; Jul 29 09:31:41 scaqae12adm03 systemd: kdump.service failed.,scaqae12adm03
Jul 29 09:33:22 scaqae12adm03 kdumpctl: failed to open xen control interface. ;-; Jul 29 09:33:22 scaqae12adm03 kdumpctl: kexec: failed to load kdump kernel ;-; Jul 29 09:33:22 scaqae12adm03 systemd: Failed to start Crash recovery kernel arming. ;-; Jul 29 09:33:22 scaqae12adm03 systemd: Unit kdump.service entered failed state. ;-; Jul 29 09:33:22 scaqae12adm03 systemd: kdump.service failed.,scaqae12adm03
Jul 29 10:05:52 scaqae12adm03 root: /etc/xen/scripts/vif-bridge: brctl delif vmbondeth0 vif1.0 failed ;-; Jul 29 10:05:52 scaqae12adm03 root: /etc/xen/scripts/vif-bridge: brctl delif vmeth0 vif1.1 failed ;-; Jul 29 10:05:52 scaqae12adm03 root: /etc/xen/scripts/vif-bridge: ifconfig vif1.0 down failed ;-; Jul 29 10:05:52 scaqae12adm03 root: /etc/xen/scripts/vif-bridge: ifconfig vif1.1 down failed,scaqae12adm03
Jul 29 10:10:36 scaqae12adm03 root: /etc/xen/scripts/vif-bridge: brctl delif vmeth0 vif2.1 failed ;-; Jul 29 10:10:36 scaqae12adm03 root: /etc/xen/scripts/vif-bridge: brctl delif vmbondeth0 vif2.0 failed ;-; Jul 29 10:10:36 scaqae12adm03 root: /etc/xen/scripts/vif-bridge: ifconfig vif2.1 down failed ;-; Jul 29 10:10:36 scaqae12adm03 root: /etc/xen/scripts/vif-bridge: ifconfig vif2.0 down failed,scaqae12adm03
Jul 29 10:37:57 scaqae12adm03 root: /etc/xen/scripts/vif-bridge: brctl delif vmbondeth0 vif4.0 failed ;-; Jul 29 10:37:57 scaqae12adm03 root: /etc/xen/scripts/vif-bridge: brctl delif vmeth0 vif4.1 failed ;-; Jul 29 10:37:57 scaqae12adm03 root: /etc/xen/scripts/vif-bridge: ifconfig vif4.0 down failed ;-; Jul 29 10:37:57 scaqae12adm03 root: /etc/xen/scripts/vif-bridge: ifconfig vif4.1 down failed,scaqae12adm03
Jul 29 10:43:04 scaqae12adm03 root: /etc/xen/scripts/vif-bridge: brctl delif vmbondeth0 vif5.0 failed ;-; Jul 29 10:43:04 scaqae12adm03 root: /etc/xen/scripts/vif-bridge: brctl delif vmeth0 vif5.1 failed ;-; Jul 29 10:43:04 scaqae12adm03 root: /etc/xen/scripts/vif-bridge: ifconfig vif5.0 down failed ;-; Jul 29 10:43:04 scaqae12adm03 root: /etc/xen/scripts/vif-bridge: ifconfig vif5.1 down failed,scaqae12adm03
"Jul 29 11:14:04 scaqae12adm03 kernel: mlx4_core 0000:3b:00.0: vhcr command:0x24 slave:1 failed with error:0, status -1 ;-; Jul 29 11:14:04 scaqae12adm03 kernel: mlx4_core 0000:3b:00.0: vhcr command:0x24 slave:1 failed with error:0, status -1 ;-; Jul 29 11:14:05 scaqae12adm03 kernel: mlx4_core 0000:3b:00.0: vhcr command:0x24 slave:2 failed with error:0, status -1 ;-; Jul 29 11:14:05 scaqae12adm03 kernel: mlx4_core 0000:3b:00.0: vhcr command:0x24 slave:2 failed with error:0, status -1",scaqae12adm03
Jul 29 12:18:53 scaqae12adm03 root: /etc/xen/scripts/vif-bridge: brctl delif vmeth0 vif7.1 failed ;-; Jul 29 12:18:53 scaqae12adm03 root: /etc/xen/scripts/vif-bridge: brctl delif vmbondeth0 vif7.0 failed ;-; Jul 29 12:18:53 scaqae12adm03 root: /etc/xen/scripts/vif-bridge: ifconfig vif7.0 down failed ;-; Jul 29 12:18:53 scaqae12adm03 root: /etc/xen/scripts/vif-bridge: ifconfig vif7.1 down failed,scaqae12adm03
Jul 29 12:19:18 scaqae12adm03 root: /etc/xen/scripts/vif-bridge: brctl delif vmeth0 vif8.1 failed ;-; Jul 29 12:19:18 scaqae12adm03 root: /etc/xen/scripts/vif-bridge: brctl delif vmbondeth0 vif8.0 failed ;-; Jul 29 12:19:18 scaqae12adm03 root: /etc/xen/scripts/vif-bridge: ifconfig vif8.1 down failed ;-; Jul 29 12:19:18 scaqae12adm03 root: /etc/xen/scripts/vif-bridge: ifconfig vif8.0 down failed,scaqae12adm03
"Jul 29 12:27:15 scaqae12adm03 kernel: mlx4_core 0000:3b:00.0: vhcr command:0x24 slave:1 failed with error:0, status -1 ;-; Jul 29 12:27:15 scaqae12adm03 kernel: mlx4_core 0000:3b:00.0: vhcr command:0x24 slave:1 failed with error:0, status -1",scaqae12adm03
"Jul 29 12:27:44 scaqae12adm03 kernel: mlx4_core 0000:3b:00.0: vhcr command:0x24 slave:2 failed with error:0, status -1 ;-; Jul 29 12:27:44 scaqae12adm03 kernel: mlx4_core 0000:3b:00.0: vhcr command:0x24 slave:2 failed with error:0, status -1",scaqae12adm03
"Jul 29 12:49:01 scaqae12adm03 kernel: mlx4_core 0000:3b:00.0: vhcr command:0x24 slave:1 failed with error:0, status -1 ;-; Jul 29 12:49:01 scaqae12adm03 kernel: mlx4_core 0000:3b:00.0: vhcr command:0x24 slave:1 failed with error:0, status -1",scaqae12adm03
"Jul 29 12:49:09 scaqae12adm03 kernel: mlx4_core 0000:3b:00.0: vhcr command:0x24 slave:2 failed with error:0, status -1 ;-; Jul 29 12:49:09 scaqae12adm03 kernel: mlx4_core 0000:3b:00.0: vhcr command:0x24 slave:2 failed with error:0, status -1",scaqae12adm03
Jul 29 12:59:06 scaqae12adm03 root: /etc/xen/scripts/vif-bridge: brctl delif vmbondeth0 vif9.0 failed ;-; Jul 29 12:59:06 scaqae12adm03 root: /etc/xen/scripts/vif-bridge: brctl delif vmeth0 vif9.1 failed ;-; Jul 29 12:59:06 scaqae12adm03 root: /etc/xen/scripts/vif-bridge: ifconfig vif9.0 down failed ;-; Jul 29 12:59:06 scaqae12adm03 root: /etc/xen/scripts/vif-bridge: ifconfig vif9.1 down failed,scaqae12adm03
Jul 29 12:59:14 scaqae12adm03 root: /etc/xen/scripts/vif-bridge: brctl delif vmeth0 vif10.1 failed ;-; Jul 29 12:59:14 scaqae12adm03 root: /etc/xen/scripts/vif-bridge: brctl delif vmbondeth0 vif10.0 failed ;-; Jul 29 12:59:15 scaqae12adm03 root: /etc/xen/scripts/vif-bridge: ifconfig vif10.1 down failed ;-; Jul 29 12:59:15 scaqae12adm03 root: /etc/xen/scripts/vif-bridge: ifconfig vif10.0 down failed,scaqae12adm03
Jul 29 13:10:46 scaqae12adm03 root: /etc/xen/scripts/vif-bridge: brctl delif vmeth0 vif11.1 failed ;-; Jul 29 13:10:46 scaqae12adm03 root: /etc/xen/scripts/vif-bridge: brctl delif vmbondeth0 vif11.0 failed ;-; Jul 29 13:10:46 scaqae12adm03 root: /etc/xen/scripts/vif-bridge: ifconfig vif11.1 down failed ;-; Jul 29 13:10:46 scaqae12adm03 root: /etc/xen/scripts/vif-bridge: ifconfig vif11.0 down failed,scaqae12adm03
Jul 29 13:11:56 scaqae12adm03 root: /etc/xen/scripts/vif-bridge: brctl delif vmbondeth0 vif12.0 failed ;-; Jul 29 13:11:56 scaqae12adm03 root: /etc/xen/scripts/vif-bridge: brctl delif vmeth0 vif12.1 failed ;-; Jul 29 13:11:56 scaqae12adm03 root: /etc/xen/scripts/vif-bridge: ifconfig vif12.0 down failed ;-; Jul 29 13:11:56 scaqae12adm03 root: /etc/xen/scripts/vif-bridge: ifconfig vif12.1 down failed,scaqae12adm03
Jul 29 13:51:21 scaqae12adm03 systemd: Dependency failed for Wait for Network to be Configured. ;-; Jul 29 13:51:21 scaqae12adm03 systemd: Job systemd-networkd-wait-online.service/start failed with result 'dependency'.,scaqae12adm03
Jul 29 14:26:25 scaqae12adm03 systemd: Failed to load configuration for run.mount: No such file or directory ;-; Jul 29 14:26:25 scaqae12adm03 systemd: Failed to load configuration for run-user.mount: No such file or directory ;-; Jul 29 14:26:25 scaqae12adm03 systemd: Failed to load configuration for session-80.scope: No such file or directory ;-; Jul 29 14:26:25 scaqae12adm03 systemd: Failed to load configuration for session-80.scope: No such file or directory ;-; Jul 29 14:26:25 scaqae12adm03 systemd: Failed to load configuration for session-80.scope: No such file or directory,scaqae12adm03
Jul 29 14:26:28 scaqae12adm03 systemd: Failed to load configuration for run.mount: No such file or directory ;-; Jul 29 14:26:28 scaqae12adm03 systemd: Failed to load configuration for run-user.mount: No such file or directory ;-; Jul 29 14:26:28 scaqae12adm03 systemd: Failed to load configuration for session-81.scope: No such file or directory ;-; Jul 29 14:26:28 scaqae12adm03 systemd: Failed to load configuration for session-81.scope: No such file or directory ;-; Jul 29 14:26:28 scaqae12adm03 systemd: Failed to load configuration for session-81.scope: No such file or directory ;-; Jul 29 14:26:28 scaqae12adm03 systemd: Failed to load configuration for run.mount: No such file or directory ;-; Jul 29 14:26:28 scaqae12adm03 systemd: Failed to load configuration for run-user.mount: No such file or directory ;-; Jul 29 14:26:28 scaqae12adm03 systemd: Failed to load configuration for session-82.scope: No such file or directory ;-; Jul 29 14:26:28 scaqae12adm03 systemd: Failed to load configuration for session-82.scope: No such file or directory ;-; Jul 29 14:26:28 scaqae12adm03 systemd: Failed to load configuration for session-82.scope: No such file or directory ;-; Jul 29 14:26:29 scaqae12adm03 systemd: Failed to load configuration for run.mount: No such file or directory ;-; Jul 29 14:26:29 scaqae12adm03 systemd: Failed to load configuration for run-user.mount: No such file or directory ;-; Jul 29 14:26:29 scaqae12adm03 systemd: Failed to load configuration for session-83.scope: No such file or directory ;-; Jul 29 14:26:29 scaqae12adm03 systemd: Failed to load configuration for session-83.scope: No such file or directory ;-; Jul 29 14:26:29 scaqae12adm03 systemd: Failed to load configuration for session-83.scope: No such file or directory ;-; Jul 29 14:26:29 scaqae12adm03 systemd: Failed to load configuration for run.mount: No such file or directory ;-; Jul 29 14:26:29 scaqae12adm03 systemd: Failed to load configuration for run-user.mount: No such file or directory ;-; Jul 29 14:26:29 scaqae12adm03 systemd: Failed to load configuration for session-84.scope: No such file or directory ;-; Jul 29 14:26:29 scaqae12adm03 systemd: Failed to load configuration for session-84.scope: No such file or directory ;-; Jul 29 14:26:29 scaqae12adm03 systemd: Failed to load configuration for session-84.scope: No such file or directory ;-; Jul 29 14:26:29 scaqae12adm03 systemd: Failed to load configuration for run.mount: No such file or directory ;-; Jul 29 14:26:29 scaqae12adm03 systemd: Failed to load configuration for run-user.mount: No such file or directory ;-; Jul 29 14:26:29 scaqae12adm03 systemd: Failed to load configuration for session-85.scope: No such file or directory ;-; Jul 29 14:26:29 scaqae12adm03 systemd: Failed to load configuration for session-85.scope: No such file or directory ;-; Jul 29 14:26:29 scaqae12adm03 systemd: Failed to load configuration for session-85.scope: No such file or directory ;-; Jul 29 14:26:30 scaqae12adm03 systemd: Failed to load configuration for run.mount: No such file or directory ;-; Jul 29 14:26:30 scaqae12adm03 systemd: Failed to load configuration for run-user.mount: No such file or directory ;-; Jul 29 14:26:30 scaqae12adm03 systemd: Failed to load configuration for session-86.scope: No such file or directory,scaqae12adm03
Jul 29 14:29:03 scaqae12adm03 systemd: Failed to load configuration for session-86.scope: No such file or directory ;-; Jul 29 14:29:03 scaqae12adm03 systemd: Failed to load configuration for session-86.scope: No such file or directory ;-; Jul 29 14:29:04 scaqae12adm03 systemd: Failed to load configuration for run.mount: No such file or directory ;-; Jul 29 14:29:04 scaqae12adm03 systemd: Failed to load configuration for run-user.mount: No such file or directory ;-; Jul 29 14:29:04 scaqae12adm03 systemd: Failed to load configuration for session-87.scope: No such file or directory ;-; Jul 29 14:29:04 scaqae12adm03 systemd: Failed to load configuration for session-87.scope: No such file or directory ;-; Jul 29 14:29:04 scaqae12adm03 systemd: Failed to load configuration for session-87.scope: No such file or directory,scaqae12adm03
Jul 29 14:29:27 scaqae12adm03 systemd: Failed to load configuration for run.mount: No such file or directory ;-; Jul 29 14:29:27 scaqae12adm03 systemd: Failed to load configuration for run-user.mount: No such file or directory ;-; Jul 29 14:29:27 scaqae12adm03 systemd: Failed to load configuration for session-88.scope: No such file or directory ;-; Jul 29 14:29:28 scaqae12adm03 systemd: Failed to load configuration for session-88.scope: No such file or directory ;-; Jul 29 14:29:28 scaqae12adm03 systemd: Failed to load configuration for session-88.scope: No such file or directory ;-; Jul 29 14:29:28 scaqae12adm03 systemd: Failed to load configuration for run.mount: No such file or directory ;-; Jul 29 14:29:28 scaqae12adm03 systemd: Failed to load configuration for run-user.mount: No such file or directory ;-; Jul 29 14:29:28 scaqae12adm03 systemd: Failed to load configuration for session-89.scope: No such file or directory ;-; Jul 29 14:29:28 scaqae12adm03 systemd: Failed to load configuration for session-89.scope: No such file or directory ;-; Jul 29 14:29:28 scaqae12adm03 systemd: Failed to load configuration for session-89.scope: No such file or directory ;-; Jul 29 14:29:28 scaqae12adm03 systemd: Failed to load configuration for run.mount: No such file or directory ;-; Jul 29 14:29:28 scaqae12adm03 systemd: Failed to load configuration for run-user.mount: No such file or directory ;-; Jul 29 14:29:28 scaqae12adm03 systemd: Failed to load configuration for session-90.scope: No such file or directory ;-; Jul 29 14:29:28 scaqae12adm03 systemd: Failed to load configuration for session-90.scope: No such file or directory ;-; Jul 29 14:29:28 scaqae12adm03 systemd: Failed to load configuration for session-90.scope: No such file or directory ;-; Jul 29 14:29:28 scaqae12adm03 systemd: Failed to load configuration for run.mount: No such file or directory ;-; Jul 29 14:29:28 scaqae12adm03 systemd: Failed to load configuration for run-user.mount: No such file or directory ;-; Jul 29 14:29:28 scaqae12adm03 systemd: Failed to load configuration for session-91.scope: No such file or directory ;-; Jul 29 14:29:28 scaqae12adm03 systemd: Failed to load configuration for session-91.scope: No such file or directory ;-; Jul 29 14:29:28 scaqae12adm03 systemd: Failed to load configuration for session-91.scope: No such file or directory ;-; Jul 29 14:29:29 scaqae12adm03 systemd: Failed to load configuration for run.mount: No such file or directory ;-; Jul 29 14:29:29 scaqae12adm03 systemd: Failed to load configuration for run-user.mount: No such file or directory ;-; Jul 29 14:29:29 scaqae12adm03 systemd: Failed to load configuration for session-92.scope: No such file or directory ;-; Jul 29 14:29:31 scaqae12adm03 systemd: Failed to load configuration for session-92.scope: No such file or directory ;-; Jul 29 14:29:31 scaqae12adm03 systemd: Failed to load configuration for session-92.scope: No such file or directory ;-; Jul 29 14:29:31 scaqae12adm03 systemd: Failed to load configuration for run.mount: No such file or directory ;-; Jul 29 14:29:31 scaqae12adm03 systemd: Failed to load configuration for run-user.mount: No such file or directory ;-; Jul 29 14:29:31 scaqae12adm03 systemd: Failed to load configuration for session-93.scope: No such file or directory ;-; Jul 29 14:29:32 scaqae12adm03 systemd: Failed to load configuration for session-94.scope: No such file or directory ;-; Jul 29 14:29:34 scaqae12adm03 systemd: Failed to load configuration for session-93.scope: No such file or directory ;-; Jul 29 14:29:34 scaqae12adm03 systemd: Failed to load configuration for session-93.scope: No such file or directory ;-; Jul 29 14:29:34 scaqae12adm03 systemd: Failed to load configuration for session-95.scope: No such file or directory ;-; Jul 29 14:29:35 scaqae12adm03 systemd: Failed to load configuration for session-94.scope: No such file or directory ;-; Jul 29 14:29:35 scaqae12adm03 systemd: Failed to load configuration for session-94.scope: No such file or directory ;-; Jul 29 14:29:35 scaqae12adm03 systemd: Failed to load configuration for session-96.scope: No such file or directory ;-; Jul 29 14:29:35 scaqae12adm03 systemd: Failed to load configuration for session-96.scope: No such file or directory ;-; Jul 29 14:29:35 scaqae12adm03 systemd: Failed to load configuration for session-96.scope: No such file or directory ;-; Jul 29 14:29:37 scaqae12adm03 systemd: Failed to load configuration for session-95.scope: No such file or directory ;-; Jul 29 14:29:37 scaqae12adm03 systemd: Failed to load configuration for session-95.scope: No such file or directory,scaqae12adm03
Jul 29 14:30:01 scaqae12adm03 systemd: Failed to load configuration for run.mount: No such file or directory ;-; Jul 29 14:30:01 scaqae12adm03 systemd: Failed to load configuration for run-user.mount: No such file or directory ;-; Jul 29 14:30:01 scaqae12adm03 systemd: Failed to load configuration for session-97.scope: No such file or directory ;-; Jul 29 14:30:01 scaqae12adm03 systemd: Failed to load configuration for session-97.scope: No such file or directory ;-; Jul 29 14:30:01 scaqae12adm03 systemd: Failed to load configuration for session-97.scope: No such file or directory,scaqae12adm03
Jul 29 14:30:27 scaqae12adm03 systemd: Failed to load configuration for run.mount: No such file or directory ;-; Jul 29 14:30:27 scaqae12adm03 systemd: Failed to load configuration for run-user.mount: No such file or directory ;-; Jul 29 14:30:27 scaqae12adm03 systemd: Failed to load configuration for session-98.scope: No such file or directory ;-; Jul 29 14:30:29 scaqae12adm03 systemd: Failed to load configuration for session-98.scope: No such file or directory ;-; Jul 29 14:30:29 scaqae12adm03 systemd: Failed to load configuration for session-98.scope: No such file or directory ;-; Jul 29 14:30:29 scaqae12adm03 systemd: Failed to load configuration for run.mount: No such file or directory ;-; Jul 29 14:30:29 scaqae12adm03 systemd: Failed to load configuration for run-user.mount: No such file or directory ;-; Jul 29 14:30:29 scaqae12adm03 systemd: Failed to load configuration for session-99.scope: No such file or directory ;-; Jul 29 14:30:29 scaqae12adm03 systemd: Failed to load configuration for session-99.scope: No such file or directory ;-; Jul 29 14:30:29 scaqae12adm03 systemd: Failed to load configuration for session-99.scope: No such file or directory,scaqae12adm03
Jul 29 14:30:41 scaqae12adm03 systemd: Failed to load configuration for run.mount: No such file or directory ;-; Jul 29 14:30:41 scaqae12adm03 systemd: Failed to load configuration for run-user.mount: No such file or directory ;-; Jul 29 14:30:41 scaqae12adm03 systemd: Failed to load configuration for session-100.scope: No such file or directory ;-; Jul 29 14:30:41 scaqae12adm03 systemd: Failed to load configuration for session-100.scope: No such file or directory ;-; Jul 29 14:30:41 scaqae12adm03 systemd: Failed to load configuration for session-100.scope: No such file or directory,scaqae12adm03
Jul 29 14:31:48 scaqae12adm03 systemd: Failed to load configuration for run.mount: No such file or directory ;-; Jul 29 14:31:48 scaqae12adm03 systemd: Failed to load configuration for run-user.mount: No such file or directory ;-; Jul 29 14:31:48 scaqae12adm03 systemd: Failed to load configuration for session-101.scope: No such file or directory ;-; Jul 29 14:31:48 scaqae12adm03 systemd: Failed to load configuration for session-101.scope: No such file or directory ;-; Jul 29 14:31:48 scaqae12adm03 systemd: Failed to load configuration for session-101.scope: No such file or directory ;-; Jul 29 14:31:48 scaqae12adm03 systemd: Failed to load configuration for run.mount: No such file or directory ;-; Jul 29 14:31:48 scaqae12adm03 systemd: Failed to load configuration for run-user.mount: No such file or directory ;-; Jul 29 14:31:48 scaqae12adm03 systemd: Failed to load configuration for session-102.scope: No such file or directory ;-; Jul 29 14:31:48 scaqae12adm03 systemd: Failed to load configuration for session-102.scope: No such file or directory ;-; Jul 29 14:31:48 scaqae12adm03 systemd: Failed to load configuration for session-102.scope: No such file or directory ;-; Jul 29 14:31:48 scaqae12adm03 systemd: Failed to load configuration for run.mount: No such file or directory ;-; Jul 29 14:31:48 scaqae12adm03 systemd: Failed to load configuration for run-user.mount: No such file or directory ;-; Jul 29 14:31:48 scaqae12adm03 systemd: Failed to load configuration for session-103.scope: No such file or directory ;-; Jul 29 14:31:48 scaqae12adm03 systemd: Failed to load configuration for session-103.scope: No such file or directory ;-; Jul 29 14:31:48 scaqae12adm03 systemd: Failed to load configuration for session-103.scope: No such file or directory ;-; Jul 29 14:31:48 scaqae12adm03 systemd: Failed to load configuration for run.mount: No such file or directory ;-; Jul 29 14:31:48 scaqae12adm03 systemd: Failed to load configuration for run-user.mount: No such file or directory ;-; Jul 29 14:31:48 scaqae12adm03 systemd: Failed to load configuration for session-104.scope: No such file or directory ;-; Jul 29 14:31:48 scaqae12adm03 systemd: Failed to load configuration for session-104.scope: No such file or directory ;-; Jul 29 14:31:48 scaqae12adm03 systemd: Failed to load configuration for session-104.scope: No such file or directory ;-; Jul 29 14:31:49 scaqae12adm03 systemd: Failed to load configuration for run.mount: No such file or directory ;-; Jul 29 14:31:49 scaqae12adm03 systemd: Failed to load configuration for run-user.mount: No such file or directory ;-; Jul 29 14:31:49 scaqae12adm03 systemd: Failed to load configuration for session-105.scope: No such file or directory,scaqae12adm03
Jul 29 14:32:02 scaqae12adm03 systemd: Failed to load configuration for session-105.scope: No such file or directory ;-; Jul 29 14:32:02 scaqae12adm03 systemd: Failed to load configuration for session-105.scope: No such file or directory,scaqae12adm03
Jul 29 14:32:38 scaqae12adm03 systemd: Failed to load configuration for run.mount: No such file or directory ;-; Jul 29 14:32:38 scaqae12adm03 systemd: Failed to load configuration for run-user.mount: No such file or directory ;-; Jul 29 14:32:38 scaqae12adm03 systemd: Failed to load configuration for session-106.scope: No such file or directory ;-; Jul 29 14:32:38 scaqae12adm03 systemd: Failed to load configuration for session-106.scope: No such file or directory ;-; Jul 29 14:32:38 scaqae12adm03 systemd: Failed to load configuration for session-106.scope: No such file or directory ;-; Jul 29 14:32:38 scaqae12adm03 systemd: Failed to load configuration for run.mount: No such file or directory ;-; Jul 29 14:32:38 scaqae12adm03 systemd: Failed to load configuration for run-user.mount: No such file or directory ;-; Jul 29 14:32:38 scaqae12adm03 systemd: Failed to load configuration for session-107.scope: No such file or directory ;-; Jul 29 14:32:38 scaqae12adm03 systemd: Failed to load configuration for session-107.scope: No such file or directory ;-; Jul 29 14:32:38 scaqae12adm03 systemd: Failed to load configuration for session-107.scope: No such file or directory ;-; Jul 29 14:32:38 scaqae12adm03 systemd: Failed to load configuration for run.mount: No such file or directory ;-; Jul 29 14:32:38 scaqae12adm03 systemd: Failed to load configuration for run-user.mount: No such file or directory ;-; Jul 29 14:32:38 scaqae12adm03 systemd: Failed to load configuration for session-108.scope: No such file or directory ;-; Jul 29 14:32:39 scaqae12adm03 systemd: Failed to load configuration for session-108.scope: No such file or directory ;-; Jul 29 14:32:39 scaqae12adm03 systemd: Failed to load configuration for session-108.scope: No such file or directory ;-; Jul 29 14:32:39 scaqae12adm03 systemd: Failed to load configuration for run.mount: No such file or directory ;-; Jul 29 14:32:39 scaqae12adm03 systemd: Failed to load configuration for run-user.mount: No such file or directory ;-; Jul 29 14:32:39 scaqae12adm03 systemd: Failed to load configuration for session-109.scope: No such file or directory ;-; Jul 29 14:32:39 scaqae12adm03 systemd: Failed to load configuration for session-109.scope: No such file or directory ;-; Jul 29 14:32:39 scaqae12adm03 systemd: Failed to load configuration for session-109.scope: No such file or directory,scaqae12adm03
Jul 29 14:33:08 scaqae12adm03 systemd: Failed to load configuration for run.mount: No such file or directory ;-; Jul 29 14:33:08 scaqae12adm03 systemd: Failed to load configuration for run-user.mount: No such file or directory ;-; Jul 29 14:33:08 scaqae12adm03 systemd: Failed to load configuration for session-110.scope: No such file or directory ;-; Jul 29 14:33:08 scaqae12adm03 systemd: Failed to load configuration for session-110.scope: No such file or directory ;-; Jul 29 14:33:08 scaqae12adm03 systemd: Failed to load configuration for session-110.scope: No such file or directory ;-; Jul 29 14:33:08 scaqae12adm03 systemd: Failed to load configuration for run.mount: No such file or directory ;-; Jul 29 14:33:08 scaqae12adm03 systemd: Failed to load configuration for run-user.mount: No such file or directory ;-; Jul 29 14:33:08 scaqae12adm03 systemd: Failed to load configuration for session-111.scope: No such file or directory ;-; Jul 29 14:33:08 scaqae12adm03 systemd: Failed to load configuration for session-111.scope: No such file or directory ;-; Jul 29 14:33:08 scaqae12adm03 systemd: Failed to load configuration for session-111.scope: No such file or directory ;-; Jul 29 14:33:09 scaqae12adm03 systemd: Failed to load configuration for run.mount: No such file or directory ;-; Jul 29 14:33:09 scaqae12adm03 systemd: Failed to load configuration for run-user.mount: No such file or directory ;-; Jul 29 14:33:09 scaqae12adm03 systemd: Failed to load configuration for session-112.scope: No such file or directory ;-; Jul 29 14:33:09 scaqae12adm03 systemd: Failed to load configuration for session-112.scope: No such file or directory ;-; Jul 29 14:33:09 scaqae12adm03 systemd: Failed to load configuration for session-112.scope: No such file or directory ;-; Jul 29 14:33:09 scaqae12adm03 systemd: Failed to load configuration for run.mount: No such file or directory ;-; Jul 29 14:33:09 scaqae12adm03 systemd: Failed to load configuration for run-user.mount: No such file or directory ;-; Jul 29 14:33:09 scaqae12adm03 systemd: Failed to load configuration for session-113.scope: No such file or directory ;-; Jul 29 14:33:09 scaqae12adm03 systemd: Failed to load configuration for session-113.scope: No such file or directory ;-; Jul 29 14:33:09 scaqae12adm03 systemd: Failed to load configuration for session-113.scope: No such file or directory ;-; Jul 29 14:33:09 scaqae12adm03 systemd: Failed to load configuration for run.mount: No such file or directory ;-; Jul 29 14:33:09 scaqae12adm03 systemd: Failed to load configuration for run-user.mount: No such file or directory ;-; Jul 29 14:33:09 scaqae12adm03 systemd: Failed to load configuration for session-114.scope: No such file or directory ;-; Jul 29 14:33:10 scaqae12adm03 systemd: Failed to load configuration for session-114.scope: No such file or directory ;-; Jul 29 14:33:10 scaqae12adm03 systemd: Failed to load configuration for run.mount: No such file or directory ;-; Jul 29 14:33:10 scaqae12adm03 systemd: Failed to load configuration for run-user.mount: No such file or directory ;-; Jul 29 14:33:10 scaqae12adm03 systemd: Failed to load configuration for session-115.scope: No such file or directory,scaqae12adm03
Jul 29 09:15:25 scaqae12dv0301m systemd: Job dev-disk-by\\x2dlabel-SWAP.device/start failed with result 'timeout'.,scaqae12dv0301m
Jul 29 10:01:07 scaqae12dv0301m multipathd: xvdc: failed to get path uid,scaqae12dv0301m
Jul 29 10:01:10 scaqae12dv0301m multipathd: xvda: failed to get path uid ;-; Jul 29 10:01:10 scaqae12dv0301m multipathd: xvdd: failed to get path uid,scaqae12dv0301m
Jul 29 10:01:16 scaqae12dv0301m multipathd: xvdb: failed to get path uid ;-; Jul 29 10:01:17 scaqae12dv0301m multipathd: xvdc: failed to get path uid,scaqae12dv0301m
Jul 29 10:01:34 scaqae12dv0301m multipathd: xvda: failed to get path uid ;-; Jul 29 10:01:34 scaqae12dv0301m multipathd: xvdd: failed to get path uid,scaqae12dv0301m
Jul 29 10:01:38 scaqae12dv0301m multipathd: xvdb: failed to get path uid ;-; Jul 29 10:01:39 scaqae12dv0301m multipathd: xvdc: failed to get path uid,scaqae12dv0301m
Jul 29 10:01:59 scaqae12dv0301m multipathd: xvda: failed to get path uid ;-; Jul 29 10:02:00 scaqae12dv0301m multipathd: xvdd: failed to get path uid,scaqae12dv0301m
Jul 29 10:02:28 scaqae12dv0301m kdumpctl: mkdumprd: failed to make kdump initrd ;-; Jul 29 10:02:28 scaqae12dv0301m systemd: Failed to start Crash recovery kernel arming. ;-; Jul 29 10:02:28 scaqae12dv0301m systemd: Unit kdump.service entered failed state. ;-; Jul 29 10:02:28 scaqae12dv0301m systemd: kdump.service failed.,scaqae12dv0301m
Jul 29 10:06:30 scaqae12dv0301m multipathd: xvdb: failed to get path uid ;-; Jul 29 10:06:30 scaqae12dv0301m multipathd: xvdc: failed to get path uid,scaqae12dv0301m
Jul 29 10:06:33 scaqae12dv0301m multipathd: xvda: failed to get path uid ;-; Jul 29 10:06:34 scaqae12dv0301m multipathd: xvdd: failed to get path uid,scaqae12dv0301m
Jul 29 10:06:40 scaqae12dv0301m multipathd: xvdb: failed to get path uid ;-; Jul 29 10:06:40 scaqae12dv0301m multipathd: xvdc: failed to get path uid,scaqae12dv0301m
Jul 29 10:07:02 scaqae12dv0301m multipathd: xvdd: failed to get path uid ;-; Jul 29 10:07:02 scaqae12dv0301m multipathd: xvda: failed to get path uid ;-; Jul 29 10:07:03 scaqae12dv0301m multipathd: xvdb: failed to get path uid ;-; Jul 29 10:07:03 scaqae12dv0301m multipathd: xvdc: failed to get path uid,scaqae12dv0301m
Jul 29 10:07:14 scaqae12dv0301m multipathd: xvdd: failed to get path uid ;-; Jul 29 10:07:14 scaqae12dv0301m multipathd: xvda: failed to get path uid,scaqae12dv0301m
Jul 29 10:11:33 scaqae12dv0301m multipathd: xvdb: failed to get path uid ;-; Jul 29 10:11:33 scaqae12dv0301m multipathd: xvdc: failed to get path uid,scaqae12dv0301m
Jul 29 10:11:36 scaqae12dv0301m multipathd: xvdd: failed to get path uid ;-; Jul 29 10:11:36 scaqae12dv0301m multipathd: xvda: failed to get path uid,scaqae12dv0301m
Jul 29 10:11:43 scaqae12dv0301m multipathd: xvdb: failed to get path uid ;-; Jul 29 10:11:43 scaqae12dv0301m multipathd: xvdc: failed to get path uid,scaqae12dv0301m
Jul 29 10:12:05 scaqae12dv0301m multipathd: xvda: failed to get path uid ;-; Jul 29 10:12:05 scaqae12dv0301m multipathd: xvdd: failed to get path uid ;-; Jul 29 10:12:06 scaqae12dv0301m multipathd: xvdb: failed to get path uid ;-; Jul 29 10:12:06 scaqae12dv0301m multipathd: xvdc: failed to get path uid,scaqae12dv0301m
Jul 29 10:12:18 scaqae12dv0301m multipathd: xvda: failed to get path uid ;-; Jul 29 10:12:18 scaqae12dv0301m multipathd: xvdd: failed to get path uid,scaqae12dv0301m
Jul 29 10:56:02 scaqae12dv0301m multipathd: xvdb: failed to get path uid ;-; Jul 29 10:56:02 scaqae12dv0301m multipathd: xvdc: failed to get path uid,scaqae12dv0301m
Jul 29 10:56:05 scaqae12dv0301m multipathd: xvda: failed to get path uid ;-; Jul 29 10:56:05 scaqae12dv0301m multipathd: xvdd: failed to get path uid,scaqae12dv0301m
Jul 29 10:56:12 scaqae12dv0301m multipathd: xvdb: failed to get path uid ;-; Jul 29 10:56:12 scaqae12dv0301m multipathd: xvdc: failed to get path uid,scaqae12dv0301m
Jul 29 10:56:17 scaqae12dv0301m multipathd: xvda: failed to get path uid ;-; Jul 29 10:56:18 scaqae12dv0301m multipathd: xvdd: failed to get path uid,scaqae12dv0301m
Jul 29 10:56:22 scaqae12dv0301m multipathd: xvdc: failed to get path uid ;-; Jul 29 10:56:22 scaqae12dv0301m multipathd: xvdb: failed to get path uid,scaqae12dv0301m
Jul 29 10:56:29 scaqae12dv0301m multipathd: xvda: failed to get path uid,scaqae12dv0301m
Jul 29 10:56:40 scaqae12dv0301m multipathd: xvdb: failed to get path uid ;-; Jul 29 10:56:40 scaqae12dv0301m multipathd: xvdc: failed to get path uid,scaqae12dv0301m
Jul 29 10:56:43 scaqae12dv0301m multipathd: xvdd: failed to get path uid ;-; Jul 29 10:56:43 scaqae12dv0301m multipathd: xvda: failed to get path uid,scaqae12dv0301m
Jul 29 10:56:50 scaqae12dv0301m multipathd: xvdb: failed to get path uid ;-; Jul 29 10:56:50 scaqae12dv0301m multipathd: xvdc: failed to get path uid,scaqae12dv0301m
Jul 29 10:56:55 scaqae12dv0301m multipathd: xvdd: failed to get path uid ;-; Jul 29 10:56:55 scaqae12dv0301m multipathd: xvda: failed to get path uid,scaqae12dv0301m
Jul 29 10:57:00 scaqae12dv0301m multipathd: xvdb: failed to get path uid ;-; Jul 29 10:57:00 scaqae12dv0301m multipathd: xvdc: failed to get path uid,scaqae12dv0301m
Jul 29 10:57:07 scaqae12dv0301m multipathd: xvdd: failed to get path uid,scaqae12dv0301m
Jul 29 10:57:10 scaqae12dv0301m multipathd: xvda: failed to get path uid,scaqae12dv0301m
Jul 29 10:57:23 scaqae12dv0301m multipathd: xvdb: failed to get path uid ;-; Jul 29 10:57:23 scaqae12dv0301m multipathd: xvdc: failed to get path uid,scaqae12dv0301m
Jul 29 10:57:26 scaqae12dv0301m multipathd: xvdd: failed to get path uid ;-; Jul 29 10:57:26 scaqae12dv0301m multipathd: xvda: failed to get path uid,scaqae12dv0301m
Jul 29 10:57:33 scaqae12dv0301m multipathd: xvdb: failed to get path uid ;-; Jul 29 10:57:33 scaqae12dv0301m multipathd: xvdc: failed to get path uid,scaqae12dv0301m
Jul 29 10:57:39 scaqae12dv0301m multipathd: xvda: failed to get path uid ;-; Jul 29 10:57:39 scaqae12dv0301m multipathd: xvdd: failed to get path uid,scaqae12dv0301m
Jul 29 10:57:43 scaqae12dv0301m multipathd: xvdb: failed to get path uid ;-; Jul 29 10:57:43 scaqae12dv0301m multipathd: xvdc: failed to get path uid,scaqae12dv0301m
Jul 29 10:58:00 scaqae12dv0301m multipathd: xvdb: failed to get path uid ;-; Jul 29 10:58:00 scaqae12dv0301m multipathd: xvdc: failed to get path uid,scaqae12dv0301m
Jul 29 10:58:03 scaqae12dv0301m multipathd: xvdd: failed to get path uid ;-; Jul 29 10:58:03 scaqae12dv0301m multipathd: xvda: failed to get path uid,scaqae12dv0301m
Jul 29 10:58:10 scaqae12dv0301m multipathd: xvdb: failed to get path uid ;-; Jul 29 10:58:10 scaqae12dv0301m multipathd: xvdc: failed to get path uid,scaqae12dv0301m
Jul 29 10:58:15 scaqae12dv0301m multipathd: xvdd: failed to get path uid ;-; Jul 29 10:58:16 scaqae12dv0301m multipathd: xvda: failed to get path uid,scaqae12dv0301m
Jul 29 10:58:20 scaqae12dv0301m multipathd: xvdb: failed to get path uid ;-; Jul 29 10:58:20 scaqae12dv0301m multipathd: xvdc: failed to get path uid,scaqae12dv0301m
Jul 29 10:58:38 scaqae12dv0301m multipathd: xvdb: failed to get path uid ;-; Jul 29 10:58:38 scaqae12dv0301m multipathd: xvdc: failed to get path uid,scaqae12dv0301m
Jul 29 10:58:41 scaqae12dv0301m multipathd: xvdd: failed to get path uid ;-; Jul 29 10:58:41 scaqae12dv0301m multipathd: xvda: failed to get path uid,scaqae12dv0301m
Jul 29 10:58:48 scaqae12dv0301m multipathd: xvdb: failed to get path uid ;-; Jul 29 10:58:48 scaqae12dv0301m multipathd: xvdc: failed to get path uid,scaqae12dv0301m
Jul 29 10:58:53 scaqae12dv0301m multipathd: xvdd: failed to get path uid ;-; Jul 29 10:58:53 scaqae12dv0301m multipathd: xvda: failed to get path uid,scaqae12dv0301m
Jul 29 10:58:58 scaqae12dv0301m multipathd: xvdc: failed to get path uid ;-; Jul 29 10:58:58 scaqae12dv0301m multipathd: xvdb: failed to get path uid,scaqae12dv0301m
Jul 29 10:59:05 scaqae12dv0301m multipathd: xvdd: failed to get path uid ;-; Jul 29 10:59:06 scaqae12dv0301m multipathd: xvda: failed to get path uid,scaqae12dv0301m
Jul 29 12:15:15 scaqae12dv0301m iscsid: iscsid: connect to 192.170.52.54:3260 failed (Connection refused) ;-; Jul 29 12:15:15 scaqae12dv0301m iscsid: iscsid: connect to 192.170.52.54:3260 failed (Connection refused) ;-; Jul 29 12:15:15 scaqae12dv0301m iscsid: iscsid: connect to 192.170.52.54:3260 failed (Connection refused) ;-; Jul 29 12:15:15 scaqae12dv0301m iscsid: iscsid: connect to 192.170.52.52:3260 failed (Connection refused) ;-; Jul 29 12:15:15 scaqae12dv0301m iscsid: iscsid: connect to 192.170.52.55:3260 failed (Connection refused) ;-; Jul 29 12:15:15 scaqae12dv0301m iscsid: iscsid: connect to 192.170.52.55:3260 failed (Connection refused) ;-; Jul 29 12:15:15 scaqae12dv0301m iscsid: iscsid: connect to 192.170.52.55:3260 failed (Connection refused) ;-; Jul 29 12:15:15 scaqae12dv0301m iscsid: iscsid: connect to 192.170.52.53:3260 failed (Connection refused) ;-; Jul 29 12:15:15 scaqae12dv0301m iscsid: iscsid: connect to 192.170.52.54:3260 failed (Connection refused) ;-; Jul 29 12:15:15 scaqae12dv0301m iscsid: iscsid: connect to 192.170.52.54:3260 failed (Connection refused) ;-; Jul 29 12:15:15 scaqae12dv0301m iscsid: iscsid: connect to 192.170.52.54:3260 failed (Connection refused) ;-; Jul 29 12:15:15 scaqae12dv0301m iscsid: iscsid: connect to 192.170.52.55:3260 failed (Connection refused) ;-; Jul 29 12:15:15 scaqae12dv0301m iscsid: iscsid: connect to 192.170.52.55:3260 failed (Connection refused) ;-; Jul 29 12:15:15 scaqae12dv0301m iscsid: iscsid: connect to 192.170.52.55:3260 failed (Connection refused) ;-; Jul 29 12:15:15 scaqae12dv0301m iscsid: iscsid: connect to 192.170.52.52:3260 failed (Connection refused) ;-; Jul 29 12:15:15 scaqae12dv0301m iscsid: iscsid: connect to 192.170.52.53:3260 failed (Connection refused),scaqae12dv0301m
Jul 29 12:15:18 scaqae12dv0301m iscsid: iscsid: connect to 192.170.52.54:3260 failed (Connection refused) ;-; Jul 29 12:15:18 scaqae12dv0301m iscsid: iscsid: connect to 192.170.52.54:3260 failed (Connection refused) ;-; Jul 29 12:15:18 scaqae12dv0301m iscsid: iscsid: connect to 192.170.52.54:3260 failed (Connection refused) ;-; Jul 29 12:15:18 scaqae12dv0301m iscsid: iscsid: connect to 192.170.52.52:3260 failed (Connection refused) ;-; Jul 29 12:15:18 scaqae12dv0301m iscsid: iscsid: connect to 192.170.52.55:3260 failed (Connection refused) ;-; Jul 29 12:15:18 scaqae12dv0301m iscsid: iscsid: connect to 192.170.52.55:3260 failed (Connection refused) ;-; Jul 29 12:15:18 scaqae12dv0301m iscsid: iscsid: connect to 192.170.52.55:3260 failed (Connection refused) ;-; Jul 29 12:15:18 scaqae12dv0301m iscsid: iscsid: connect to 192.170.52.53:3260 failed (Connection refused) ;-; Jul 29 12:15:18 scaqae12dv0301m iscsid: iscsid: connect to 192.170.52.54:3260 failed (Connection refused) ;-; Jul 29 12:15:18 scaqae12dv0301m iscsid: iscsid: connect to 192.170.52.54:3260 failed (Connection refused) ;-; Jul 29 12:15:18 scaqae12dv0301m iscsid: iscsid: connect to 192.170.52.54:3260 failed (Connection refused) ;-; Jul 29 12:15:18 scaqae12dv0301m iscsid: iscsid: connect to 192.170.52.55:3260 failed (Connection refused) ;-; Jul 29 12:15:18 scaqae12dv0301m iscsid: iscsid: connect to 192.170.52.55:3260 failed (Connection refused) ;-; Jul 29 12:15:18 scaqae12dv0301m iscsid: iscsid: connect to 192.170.52.55:3260 failed (Connection refused) ;-; Jul 29 12:15:18 scaqae12dv0301m iscsid: iscsid: connect to 192.170.52.52:3260 failed (Connection refused) ;-; Jul 29 12:15:18 scaqae12dv0301m iscsid: iscsid: connect to 192.170.52.53:3260 failed (Connection refused),scaqae12dv0301m
Jul 29 12:15:21 scaqae12dv0301m iscsid: iscsid: connect to 192.170.52.54:3260 failed (Connection refused) ;-; Jul 29 12:15:21 scaqae12dv0301m iscsid: iscsid: connect to 192.170.52.54:3260 failed (Connection refused) ;-; Jul 29 12:15:21 scaqae12dv0301m iscsid: iscsid: connect to 192.170.52.54:3260 failed (Connection refused) ;-; Jul 29 12:15:21 scaqae12dv0301m iscsid: iscsid: connect to 192.170.52.52:3260 failed (Connection refused) ;-; Jul 29 12:15:21 scaqae12dv0301m iscsid: iscsid: connect to 192.170.52.55:3260 failed (Connection refused) ;-; Jul 29 12:15:21 scaqae12dv0301m iscsid: iscsid: connect to 192.170.52.55:3260 failed (Connection refused) ;-; Jul 29 12:15:21 scaqae12dv0301m iscsid: iscsid: connect to 192.170.52.55:3260 failed (Connection refused) ;-; Jul 29 12:15:21 scaqae12dv0301m iscsid: iscsid: connect to 192.170.52.53:3260 failed (Connection refused) ;-; Jul 29 12:15:21 scaqae12dv0301m iscsid: iscsid: connect to 192.170.52.54:3260 failed (Connection refused) ;-; Jul 29 12:15:21 scaqae12dv0301m iscsid: iscsid: connect to 192.170.52.54:3260 failed (Connection refused) ;-; Jul 29 12:15:21 scaqae12dv0301m iscsid: iscsid: connect to 192.170.52.54:3260 failed (Connection refused) ;-; Jul 29 12:15:21 scaqae12dv0301m iscsid: iscsid: connect to 192.170.52.55:3260 failed (Connection refused) ;-; Jul 29 12:15:21 scaqae12dv0301m iscsid: iscsid: connect to 192.170.52.55:3260 failed (Connection refused) ;-; Jul 29 12:15:21 scaqae12dv0301m iscsid: iscsid: connect to 192.170.52.55:3260 failed (Connection refused) ;-; Jul 29 12:15:21 scaqae12dv0301m iscsid: iscsid: connect to 192.170.52.52:3260 failed (Connection refused) ;-; Jul 29 12:15:21 scaqae12dv0301m iscsid: iscsid: connect to 192.170.52.53:3260 failed (Connection refused),scaqae12dv0301m
Jul 29 12:15:24 scaqae12dv0301m iscsid: iscsid: connect to 192.170.52.54:3260 failed (Connection refused) ;-; Jul 29 12:15:24 scaqae12dv0301m iscsid: iscsid: connect to 192.170.52.54:3260 failed (Connection refused) ;-; Jul 29 12:15:24 scaqae12dv0301m iscsid: iscsid: connect to 192.170.52.54:3260 failed (Connection refused) ;-; Jul 29 12:15:24 scaqae12dv0301m iscsid: iscsid: connect to 192.170.52.52:3260 failed (Connection refused) ;-; Jul 29 12:15:24 scaqae12dv0301m iscsid: iscsid: connect to 192.170.52.55:3260 failed (Connection refused) ;-; Jul 29 12:15:24 scaqae12dv0301m iscsid: iscsid: connect to 192.170.52.55:3260 failed (Connection refused) ;-; Jul 29 12:15:24 scaqae12dv0301m iscsid: iscsid: connect to 192.170.52.55:3260 failed (Connection refused) ;-; Jul 29 12:15:24 scaqae12dv0301m iscsid: iscsid: connect to 192.170.52.53:3260 failed (Connection refused) ;-; Jul 29 12:15:24 scaqae12dv0301m iscsid: iscsid: connect to 192.170.52.54:3260 failed (Connection refused) ;-; Jul 29 12:15:24 scaqae12dv0301m iscsid: iscsid: connect to 192.170.52.54:3260 failed (Connection refused) ;-; Jul 29 12:15:24 scaqae12dv0301m iscsid: iscsid: connect to 192.170.52.54:3260 failed (Connection refused) ;-; Jul 29 12:15:24 scaqae12dv0301m iscsid: iscsid: connect to 192.170.52.55:3260 failed (Connection refused) ;-; Jul 29 12:15:24 scaqae12dv0301m iscsid: iscsid: connect to 192.170.52.55:3260 failed (Connection refused) ;-; Jul 29 12:15:24 scaqae12dv0301m iscsid: iscsid: connect to 192.170.52.55:3260 failed (Connection refused) ;-; Jul 29 12:15:24 scaqae12dv0301m iscsid: iscsid: connect to 192.170.52.52:3260 failed (Connection refused) ;-; Jul 29 12:15:24 scaqae12dv0301m iscsid: iscsid: connect to 192.170.52.53:3260 failed (Connection refused),scaqae12dv0301m
Jul 29 12:15:27 scaqae12dv0301m iscsid: iscsid: connect to 192.170.52.54:3260 failed (Connection refused) ;-; Jul 29 12:15:27 scaqae12dv0301m iscsid: iscsid: connect to 192.170.52.54:3260 failed (Connection refused) ;-; Jul 29 12:15:27 scaqae12dv0301m iscsid: iscsid: connect to 192.170.52.54:3260 failed (Connection refused) ;-; Jul 29 12:15:27 scaqae12dv0301m iscsid: iscsid: connect to 192.170.52.52:3260 failed (Connection refused) ;-; Jul 29 12:15:27 scaqae12dv0301m iscsid: iscsid: connect to 192.170.52.55:3260 failed (Connection refused) ;-; Jul 29 12:15:27 scaqae12dv0301m iscsid: iscsid: connect to 192.170.52.55:3260 failed (Connection refused) ;-; Jul 29 12:15:27 scaqae12dv0301m iscsid: iscsid: connect to 192.170.52.55:3260 failed (Connection refused) ;-; Jul 29 12:15:27 scaqae12dv0301m iscsid: iscsid: connect to 192.170.52.53:3260 failed (Connection refused) ;-; Jul 29 12:15:27 scaqae12dv0301m iscsid: iscsid: connect to 192.170.52.54:3260 failed (Connection refused) ;-; Jul 29 12:15:27 scaqae12dv0301m iscsid: iscsid: connect to 192.170.52.54:3260 failed (Connection refused) ;-; Jul 29 12:15:27 scaqae12dv0301m iscsid: iscsid: connect to 192.170.52.54:3260 failed (Connection refused) ;-; Jul 29 12:15:27 scaqae12dv0301m iscsid: iscsid: connect to 192.170.52.55:3260 failed (Connection refused) ;-; Jul 29 12:15:27 scaqae12dv0301m iscsid: iscsid: connect to 192.170.52.55:3260 failed (Connection refused) ;-; Jul 29 12:15:27 scaqae12dv0301m iscsid: iscsid: connect to 192.170.52.55:3260 failed (Connection refused) ;-; Jul 29 12:15:27 scaqae12dv0301m iscsid: iscsid: connect to 192.170.52.52:3260 failed (Connection refused) ;-; Jul 29 12:15:27 scaqae12dv0301m iscsid: iscsid: connect to 192.170.52.53:3260 failed (Connection refused),scaqae12dv0301m
Jul 29 12:15:30 scaqae12dv0301m iscsid: iscsid: connect to 192.170.52.54:3260 failed (Connection refused) ;-; Jul 29 12:15:30 scaqae12dv0301m iscsid: iscsid: connect to 192.170.52.54:3260 failed (Connection refused) ;-; Jul 29 12:15:30 scaqae12dv0301m iscsid: iscsid: connect to 192.170.52.54:3260 failed (Connection refused) ;-; Jul 29 12:15:30 scaqae12dv0301m iscsid: iscsid: connect to 192.170.52.52:3260 failed (Connection refused) ;-; Jul 29 12:15:30 scaqae12dv0301m iscsid: iscsid: connect to 192.170.52.55:3260 failed (Connection refused) ;-; Jul 29 12:15:30 scaqae12dv0301m iscsid: iscsid: connect to 192.170.52.55:3260 failed (Connection refused) ;-; Jul 29 12:15:30 scaqae12dv0301m iscsid: iscsid: connect to 192.170.52.55:3260 failed (Connection refused) ;-; Jul 29 12:15:30 scaqae12dv0301m iscsid: iscsid: connect to 192.170.52.53:3260 failed (Connection refused) ;-; Jul 29 12:15:30 scaqae12dv0301m iscsid: iscsid: connect to 192.170.52.54:3260 failed (Connection refused) ;-; Jul 29 12:15:30 scaqae12dv0301m iscsid: iscsid: connect to 192.170.52.54:3260 failed (Connection refused) ;-; Jul 29 12:15:30 scaqae12dv0301m iscsid: iscsid: connect to 192.170.52.54:3260 failed (Connection refused) ;-; Jul 29 12:15:30 scaqae12dv0301m iscsid: iscsid: connect to 192.170.52.55:3260 failed (Connection refused) ;-; Jul 29 12:15:30 scaqae12dv0301m iscsid: iscsid: connect to 192.170.52.55:3260 failed (Connection refused) ;-; Jul 29 12:15:30 scaqae12dv0301m iscsid: iscsid: connect to 192.170.52.55:3260 failed (Connection refused) ;-; Jul 29 12:15:30 scaqae12dv0301m iscsid: iscsid: connect to 192.170.52.52:3260 failed (Connection refused) ;-; Jul 29 12:15:30 scaqae12dv0301m iscsid: iscsid: connect to 192.170.52.53:3260 failed (Connection refused),scaqae12dv0301m
Jul 29 12:15:33 scaqae12dv0301m iscsid: iscsid: connect to 192.170.52.54:3260 failed (Connection refused) ;-; Jul 29 12:15:33 scaqae12dv0301m iscsid: iscsid: connect to 192.170.52.54:3260 failed (Connection refused) ;-; Jul 29 12:15:33 scaqae12dv0301m iscsid: iscsid: connect to 192.170.52.54:3260 failed (Connection refused) ;-; Jul 29 12:15:33 scaqae12dv0301m iscsid: iscsid: connect to 192.170.52.52:3260 failed (Connection refused) ;-; Jul 29 12:15:33 scaqae12dv0301m iscsid: iscsid: connect to 192.170.52.55:3260 failed (Connection refused) ;-; Jul 29 12:15:33 scaqae12dv0301m iscsid: iscsid: connect to 192.170.52.55:3260 failed (Connection refused) ;-; Jul 29 12:15:33 scaqae12dv0301m iscsid: iscsid: connect to 192.170.52.55:3260 failed (Connection refused) ;-; Jul 29 12:15:33 scaqae12dv0301m iscsid: iscsid: connect to 192.170.52.53:3260 failed (Connection refused) ;-; Jul 29 12:15:33 scaqae12dv0301m iscsid: iscsid: connect to 192.170.52.54:3260 failed (Connection refused) ;-; Jul 29 12:15:33 scaqae12dv0301m iscsid: iscsid: connect to 192.170.52.54:3260 failed (Connection refused) ;-; Jul 29 12:15:33 scaqae12dv0301m iscsid: iscsid: connect to 192.170.52.54:3260 failed (Connection refused) ;-; Jul 29 12:15:33 scaqae12dv0301m iscsid: iscsid: connect to 192.170.52.55:3260 failed (Connection refused) ;-; Jul 29 12:15:33 scaqae12dv0301m iscsid: iscsid: connect to 192.170.52.55:3260 failed (Connection refused) ;-; Jul 29 12:15:33 scaqae12dv0301m iscsid: iscsid: connect to 192.170.52.55:3260 failed (Connection refused) ;-; Jul 29 12:15:33 scaqae12dv0301m iscsid: iscsid: connect to 192.170.52.52:3260 failed (Connection refused) ;-; Jul 29 12:15:33 scaqae12dv0301m iscsid: iscsid: connect to 192.170.52.53:3260 failed (Connection refused),scaqae12dv0301m
Jul 29 12:15:36 scaqae12dv0301m iscsid: iscsid: connect to 192.170.52.54:3260 failed (Connection refused) ;-; Jul 29 12:15:36 scaqae12dv0301m iscsid: iscsid: connect to 192.170.52.54:3260 failed (Connection refused) ;-; Jul 29 12:15:36 scaqae12dv0301m iscsid: iscsid: connect to 192.170.52.54:3260 failed (Connection refused) ;-; Jul 29 12:15:36 scaqae12dv0301m iscsid: iscsid: connect to 192.170.52.52:3260 failed (Connection refused) ;-; Jul 29 12:15:36 scaqae12dv0301m iscsid: iscsid: connect to 192.170.52.55:3260 failed (Connection refused) ;-; Jul 29 12:15:36 scaqae12dv0301m iscsid: iscsid: connect to 192.170.52.55:3260 failed (Connection refused) ;-; Jul 29 12:15:36 scaqae12dv0301m iscsid: iscsid: connect to 192.170.52.55:3260 failed (Connection refused) ;-; Jul 29 12:15:36 scaqae12dv0301m iscsid: iscsid: connect to 192.170.52.53:3260 failed (Connection refused) ;-; Jul 29 12:15:36 scaqae12dv0301m iscsid: iscsid: connect to 192.170.52.54:3260 failed (Connection refused) ;-; Jul 29 12:15:36 scaqae12dv0301m iscsid: iscsid: connect to 192.170.52.54:3260 failed (Connection refused) ;-; Jul 29 12:15:36 scaqae12dv0301m iscsid: iscsid: connect to 192.170.52.54:3260 failed (Connection refused) ;-; Jul 29 12:15:36 scaqae12dv0301m iscsid: iscsid: connect to 192.170.52.55:3260 failed (Connection refused) ;-; Jul 29 12:15:36 scaqae12dv0301m iscsid: iscsid: connect to 192.170.52.55:3260 failed (Connection refused) ;-; Jul 29 12:15:36 scaqae12dv0301m iscsid: iscsid: connect to 192.170.52.55:3260 failed (Connection refused) ;-; Jul 29 12:15:36 scaqae12dv0301m iscsid: iscsid: connect to 192.170.52.52:3260 failed (Connection refused) ;-; Jul 29 12:15:36 scaqae12dv0301m iscsid: iscsid: connect to 192.170.52.53:3260 failed (Connection refused),scaqae12dv0301m
Jul 29 12:15:39 scaqae12dv0301m iscsid: iscsid: connect to 192.170.52.54:3260 failed (Connection refused) ;-; Jul 29 12:15:39 scaqae12dv0301m iscsid: iscsid: connect to 192.170.52.54:3260 failed (Connection refused) ;-; Jul 29 12:15:39 scaqae12dv0301m iscsid: iscsid: connect to 192.170.52.54:3260 failed (Connection refused) ;-; Jul 29 12:15:39 scaqae12dv0301m iscsid: iscsid: connect to 192.170.52.52:3260 failed (Connection refused) ;-; Jul 29 12:15:39 scaqae12dv0301m iscsid: iscsid: connect to 192.170.52.55:3260 failed (Connection refused) ;-; Jul 29 12:15:39 scaqae12dv0301m iscsid: iscsid: connect to 192.170.52.55:3260 failed (Connection refused) ;-; Jul 29 12:15:39 scaqae12dv0301m iscsid: iscsid: connect to 192.170.52.55:3260 failed (Connection refused) ;-; Jul 29 12:15:39 scaqae12dv0301m iscsid: iscsid: connect to 192.170.52.53:3260 failed (Connection refused) ;-; Jul 29 12:15:39 scaqae12dv0301m iscsid: iscsid: connect to 192.170.52.54:3260 failed (Connection refused) ;-; Jul 29 12:15:39 scaqae12dv0301m iscsid: iscsid: connect to 192.170.52.54:3260 failed (Connection refused) ;-; Jul 29 12:15:39 scaqae12dv0301m iscsid: iscsid: connect to 192.170.52.54:3260 failed (Connection refused) ;-; Jul 29 12:15:39 scaqae12dv0301m iscsid: iscsid: connect to 192.170.52.55:3260 failed (Connection refused) ;-; Jul 29 12:15:39 scaqae12dv0301m iscsid: iscsid: connect to 192.170.52.55:3260 failed (Connection refused) ;-; Jul 29 12:15:39 scaqae12dv0301m iscsid: iscsid: connect to 192.170.52.55:3260 failed (Connection refused) ;-; Jul 29 12:15:39 scaqae12dv0301m iscsid: iscsid: connect to 192.170.52.52:3260 failed (Connection refused) ;-; Jul 29 12:15:39 scaqae12dv0301m iscsid: iscsid: connect to 192.170.52.53:3260 failed (Connection refused),scaqae12dv0301m
Jul 29 12:15:42 scaqae12dv0301m iscsid: iscsid: connect to 192.170.52.54:3260 failed (Connection refused) ;-; Jul 29 12:15:42 scaqae12dv0301m iscsid: iscsid: connect to 192.170.52.54:3260 failed (Connection refused) ;-; Jul 29 12:15:42 scaqae12dv0301m iscsid: iscsid: connect to 192.170.52.54:3260 failed (Connection refused) ;-; Jul 29 12:15:42 scaqae12dv0301m iscsid: iscsid: connect to 192.170.52.52:3260 failed (Connection refused) ;-; Jul 29 12:15:42 scaqae12dv0301m iscsid: iscsid: connect to 192.170.52.55:3260 failed (Connection refused) ;-; Jul 29 12:15:42 scaqae12dv0301m iscsid: iscsid: connect to 192.170.52.55:3260 failed (Connection refused) ;-; Jul 29 12:15:42 scaqae12dv0301m iscsid: iscsid: connect to 192.170.52.55:3260 failed (Connection refused) ;-; Jul 29 12:15:42 scaqae12dv0301m iscsid: iscsid: connect to 192.170.52.53:3260 failed (Connection refused) ;-; Jul 29 12:15:42 scaqae12dv0301m iscsid: iscsid: connect to 192.170.52.54:3260 failed (Connection refused) ;-; Jul 29 12:15:42 scaqae12dv0301m iscsid: iscsid: connect to 192.170.52.54:3260 failed (Connection refused) ;-; Jul 29 12:15:42 scaqae12dv0301m iscsid: iscsid: connect to 192.170.52.54:3260 failed (Connection refused) ;-; Jul 29 12:15:42 scaqae12dv0301m iscsid: iscsid: connect to 192.170.52.55:3260 failed (Connection refused) ;-; Jul 29 12:15:42 scaqae12dv0301m iscsid: iscsid: connect to 192.170.52.55:3260 failed (Connection refused) ;-; Jul 29 12:15:42 scaqae12dv0301m iscsid: iscsid: connect to 192.170.52.55:3260 failed (Connection refused) ;-; Jul 29 12:15:42 scaqae12dv0301m iscsid: iscsid: connect to 192.170.52.52:3260 failed (Connection refused) ;-; Jul 29 12:15:42 scaqae12dv0301m iscsid: iscsid: connect to 192.170.52.53:3260 failed (Connection refused),scaqae12dv0301m
Jul 29 12:15:45 scaqae12dv0301m iscsid: iscsid: connect to 192.170.52.54:3260 failed (Connection refused) ;-; Jul 29 12:15:45 scaqae12dv0301m iscsid: iscsid: connect to 192.170.52.54:3260 failed (Connection refused) ;-; Jul 29 12:15:45 scaqae12dv0301m iscsid: iscsid: connect to 192.170.52.54:3260 failed (Connection refused) ;-; Jul 29 12:15:45 scaqae12dv0301m iscsid: iscsid: connect to 192.170.52.52:3260 failed (Connection refused) ;-; Jul 29 12:15:45 scaqae12dv0301m iscsid: iscsid: connect to 192.170.52.55:3260 failed (Connection refused) ;-; Jul 29 12:15:45 scaqae12dv0301m iscsid: iscsid: connect to 192.170.52.55:3260 failed (Connection refused) ;-; Jul 29 12:15:45 scaqae12dv0301m iscsid: iscsid: connect to 192.170.52.55:3260 failed (Connection refused) ;-; Jul 29 12:15:45 scaqae12dv0301m iscsid: iscsid: connect to 192.170.52.53:3260 failed (Connection refused) ;-; Jul 29 12:15:45 scaqae12dv0301m iscsid: iscsid: connect to 192.170.52.54:3260 failed (Connection refused) ;-; Jul 29 12:15:45 scaqae12dv0301m iscsid: iscsid: connect to 192.170.52.54:3260 failed (Connection refused) ;-; Jul 29 12:15:45 scaqae12dv0301m iscsid: iscsid: connect to 192.170.52.54:3260 failed (Connection refused) ;-; Jul 29 12:15:45 scaqae12dv0301m iscsid: iscsid: connect to 192.170.52.55:3260 failed (Connection refused) ;-; Jul 29 12:15:45 scaqae12dv0301m iscsid: iscsid: connect to 192.170.52.55:3260 failed (Connection refused) ;-; Jul 29 12:15:45 scaqae12dv0301m iscsid: iscsid: connect to 192.170.52.55:3260 failed (Connection refused) ;-; Jul 29 12:15:45 scaqae12dv0301m iscsid: iscsid: connect to 192.170.52.52:3260 failed (Connection refused) ;-; Jul 29 12:15:45 scaqae12dv0301m iscsid: iscsid: connect to 192.170.52.53:3260 failed (Connection refused),scaqae12dv0301m
Jul 29 12:15:48 scaqae12dv0301m iscsid: iscsid: connect to 192.170.52.54:3260 failed (Connection refused) ;-; Jul 29 12:15:48 scaqae12dv0301m iscsid: iscsid: connect to 192.170.52.54:3260 failed (Connection refused) ;-; Jul 29 12:15:48 scaqae12dv0301m iscsid: iscsid: connect to 192.170.52.54:3260 failed (Connection refused) ;-; Jul 29 12:15:48 scaqae12dv0301m iscsid: iscsid: connect to 192.170.52.52:3260 failed (Connection refused) ;-; Jul 29 12:15:48 scaqae12dv0301m iscsid: iscsid: connect to 192.170.52.55:3260 failed (Connection refused) ;-; Jul 29 12:15:48 scaqae12dv0301m iscsid: iscsid: connect to 192.170.52.55:3260 failed (Connection refused) ;-; Jul 29 12:15:48 scaqae12dv0301m iscsid: iscsid: connect to 192.170.52.55:3260 failed (Connection refused) ;-; Jul 29 12:15:48 scaqae12dv0301m iscsid: iscsid: connect to 192.170.52.53:3260 failed (Connection refused) ;-; Jul 29 12:15:48 scaqae12dv0301m iscsid: iscsid: connect to 192.170.52.54:3260 failed (Connection refused) ;-; Jul 29 12:15:48 scaqae12dv0301m iscsid: iscsid: connect to 192.170.52.54:3260 failed (Connection refused) ;-; Jul 29 12:15:48 scaqae12dv0301m iscsid: iscsid: connect to 192.170.52.54:3260 failed (Connection refused) ;-; Jul 29 12:15:48 scaqae12dv0301m iscsid: iscsid: connect to 192.170.52.55:3260 failed (Connection refused) ;-; Jul 29 12:15:48 scaqae12dv0301m iscsid: iscsid: connect to 192.170.52.55:3260 failed (Connection refused) ;-; Jul 29 12:15:48 scaqae12dv0301m iscsid: iscsid: connect to 192.170.52.55:3260 failed (Connection refused) ;-; Jul 29 12:15:48 scaqae12dv0301m iscsid: iscsid: connect to 192.170.52.52:3260 failed (Connection refused) ;-; Jul 29 12:15:48 scaqae12dv0301m iscsid: iscsid: connect to 192.170.52.53:3260 failed (Connection refused),scaqae12dv0301m
Jul 29 12:15:51 scaqae12dv0301m iscsid: iscsid: connect to 192.170.52.54:3260 failed (Connection refused) ;-; Jul 29 12:15:51 scaqae12dv0301m iscsid: iscsid: connect to 192.170.52.54:3260 failed (Connection refused) ;-; Jul 29 12:15:51 scaqae12dv0301m iscsid: iscsid: connect to 192.170.52.54:3260 failed (Connection refused) ;-; Jul 29 12:15:51 scaqae12dv0301m iscsid: iscsid: connect to 192.170.52.52:3260 failed (Connection refused) ;-; Jul 29 12:15:51 scaqae12dv0301m iscsid: iscsid: connect to 192.170.52.55:3260 failed (Connection refused) ;-; Jul 29 12:15:51 scaqae12dv0301m iscsid: iscsid: connect to 192.170.52.55:3260 failed (Connection refused) ;-; Jul 29 12:15:51 scaqae12dv0301m iscsid: iscsid: connect to 192.170.52.55:3260 failed (Connection refused) ;-; Jul 29 12:15:51 scaqae12dv0301m iscsid: iscsid: connect to 192.170.52.53:3260 failed (Connection refused) ;-; Jul 29 12:15:51 scaqae12dv0301m iscsid: iscsid: connect to 192.170.52.54:3260 failed (Connection refused) ;-; Jul 29 12:15:51 scaqae12dv0301m iscsid: iscsid: connect to 192.170.52.54:3260 failed (Connection refused) ;-; Jul 29 12:15:51 scaqae12dv0301m iscsid: iscsid: connect to 192.170.52.54:3260 failed (Connection refused) ;-; Jul 29 12:15:51 scaqae12dv0301m iscsid: iscsid: connect to 192.170.52.55:3260 failed (Connection refused) ;-; Jul 29 12:15:51 scaqae12dv0301m iscsid: iscsid: connect to 192.170.52.55:3260 failed (Connection refused) ;-; Jul 29 12:15:51 scaqae12dv0301m iscsid: iscsid: connect to 192.170.52.55:3260 failed (Connection refused) ;-; Jul 29 12:15:51 scaqae12dv0301m iscsid: iscsid: connect to 192.170.52.52:3260 failed (Connection refused) ;-; Jul 29 12:15:51 scaqae12dv0301m iscsid: iscsid: connect to 192.170.52.53:3260 failed (Connection refused),scaqae12dv0301m
Jul 29 12:18:03 scaqae12dv0301m multipathd: xvdc: failed to get path uid ;-; Jul 29 12:18:03 scaqae12dv0301m multipathd: xvdb: failed to get path uid,scaqae12dv0301m
Jul 29 12:18:06 scaqae12dv0301m multipathd: xvdd: failed to get path uid ;-; Jul 29 12:18:06 scaqae12dv0301m multipathd: xvda: failed to get path uid,scaqae12dv0301m
Jul 29 12:18:13 scaqae12dv0301m multipathd: xvdc: failed to get path uid ;-; Jul 29 12:18:13 scaqae12dv0301m multipathd: xvdb: failed to get path uid,scaqae12dv0301m
Jul 29 12:18:19 scaqae12dv0301m multipathd: xvda: failed to get path uid ;-; Jul 29 12:18:19 scaqae12dv0301m multipathd: xvdd: failed to get path uid,scaqae12dv0301m
Jul 29 12:18:23 scaqae12dv0301m multipathd: xvdb: failed to get path uid ;-; Jul 29 12:18:23 scaqae12dv0301m multipathd: xvdc: failed to get path uid,scaqae12dv0301m
Jul 29 12:18:32 scaqae12dv0301m multipathd: xvda: failed to get path uid ;-; Jul 29 12:18:32 scaqae12dv0301m multipathd: xvdd: failed to get path uid ;-; Jul 29 12:18:33 scaqae12dv0301m multipathd: xvdb: failed to get path uid ;-; Jul 29 12:18:33 scaqae12dv0301m multipathd: xvdc: failed to get path uid,scaqae12dv0301m
Jul 29 12:18:44 scaqae12dv0301m multipathd: xvda: failed to get path uid ;-; Jul 29 12:18:44 scaqae12dv0301m multipathd: xvdd: failed to get path uid,scaqae12dv0301m
Jul 29 12:19:18 scaqae12dv0301m multipathd: xvdc: failed to get path uid ;-; Jul 29 12:19:18 scaqae12dv0301m multipathd: xvdb: failed to get path uid,scaqae12dv0301m
Jul 29 12:19:21 scaqae12dv0301m multipathd: xvda: failed to get path uid ;-; Jul 29 12:19:21 scaqae12dv0301m multipathd: xvdd: failed to get path uid,scaqae12dv0301m
Jul 29 12:19:28 scaqae12dv0301m multipathd: xvdc: failed to get path uid ;-; Jul 29 12:19:28 scaqae12dv0301m multipathd: xvdb: failed to get path uid,scaqae12dv0301m
Jul 29 12:19:44 scaqae12dv0301m multipathd: xvdb: failed to get path uid ;-; Jul 29 12:19:44 scaqae12dv0301m multipathd: xvdc: failed to get path uid,scaqae12dv0301m
Jul 29 12:19:53 scaqae12dv0301m multipathd: xvdd: failed to get path uid ;-; Jul 29 12:19:53 scaqae12dv0301m multipathd: xvda: failed to get path uid ;-; Jul 29 12:19:54 scaqae12dv0301m multipathd: xvdb: failed to get path uid ;-; Jul 29 12:19:54 scaqae12dv0301m multipathd: xvdc: failed to get path uid,scaqae12dv0301m
Jul 29 12:20:06 scaqae12dv0301m multipathd: xvdd: failed to get path uid ;-; Jul 29 12:20:06 scaqae12dv0301m multipathd: xvda: failed to get path uid,scaqae12dv0301m
Jul 29 13:11:51 scaqae12dv0301m iscsid[17061]: iscsid: connect to 192.170.52.52:3260 failed (Connection refused) ;-; Jul 29 13:11:51 scaqae12dv0301m iscsid[17061]: iscsid: connect to 192.170.52.53:3260 failed (Connection refused) ;-; Jul 29 13:11:51 scaqae12dv0301m iscsid[17061]: iscsid: connect to 192.170.52.52:3260 failed (Connection refused) ;-; Jul 29 13:11:51 scaqae12dv0301m iscsid[17061]: iscsid: connect to 192.170.52.53:3260 failed (Connection refused),scaqae12dv0301m
Jul 29 13:11:55 scaqae12dv0301m iscsid[17061]: iscsid: connect to 192.170.52.55:3260 failed (No route to host) ;-; Jul 29 13:11:55 scaqae12dv0301m iscsid[17061]: iscsid: connect to 192.170.52.54:3260 failed (No route to host) ;-; Jul 29 13:11:55 scaqae12dv0301m iscsid[17061]: iscsid: connect to 192.170.52.55:3260 failed (No route to host) ;-; Jul 29 13:11:55 scaqae12dv0301m iscsid[17061]: iscsid: connect to 192.170.52.54:3260 failed (No route to host),scaqae12dv0301m
Jul 29 13:12:04 scaqae12dv0301m iscsid[17061]: iscsid: connect to 192.170.52.55:3260 failed (No route to host) ;-; Jul 29 13:12:04 scaqae12dv0301m iscsid[17061]: iscsid: connect to 192.170.52.54:3260 failed (No route to host) ;-; Jul 29 13:12:04 scaqae12dv0301m iscsid[17061]: iscsid: connect to 192.170.52.55:3260 failed (No route to host) ;-; Jul 29 13:12:04 scaqae12dv0301m iscsid[17061]: iscsid: connect to 192.170.52.54:3260 failed (No route to host),scaqae12dv0301m
Jul 29 13:12:11 scaqae12dv0301m iscsid[17061]: iscsid: connect to 192.170.52.55:3260 failed (No route to host) ;-; Jul 29 13:12:11 scaqae12dv0301m iscsid[17061]: iscsid: connect to 192.170.52.54:3260 failed (No route to host) ;-; Jul 29 13:12:11 scaqae12dv0301m iscsid[17061]: iscsid: connect to 192.170.52.54:3260 failed (No route to host) ;-; Jul 29 13:12:11 scaqae12dv0301m iscsid[17061]: iscsid: connect to 192.170.52.55:3260 failed (No route to host) ;-; Jul 29 13:12:11 scaqae12dv0301m iscsid[17061]: iscsid: connect to 192.170.52.54:3260 failed (No route to host),scaqae12dv0301m
Jul 29 13:12:18 scaqae12dv0301m iscsid[17061]: iscsid: connect to 192.170.52.55:3260 failed (No route to host) ;-; Jul 29 13:12:18 scaqae12dv0301m iscsid[17061]: iscsid: connect to 192.170.52.54:3260 failed (No route to host) ;-; Jul 29 13:12:18 scaqae12dv0301m iscsid[17061]: iscsid: connect to 192.170.52.55:3260 failed (No route to host) ;-; Jul 29 13:12:18 scaqae12dv0301m iscsid[17061]: iscsid: connect to 192.170.52.54:3260 failed (No route to host),scaqae12dv0301m
Jul 29 13:12:25 scaqae12dv0301m iscsid[17061]: iscsid: connect to 192.170.52.55:3260 failed (No route to host) ;-; Jul 29 13:12:25 scaqae12dv0301m iscsid[17061]: iscsid: connect to 192.170.52.54:3260 failed (No route to host) ;-; Jul 29 13:12:25 scaqae12dv0301m iscsid[17061]: iscsid: connect to 192.170.52.54:3260 failed (No route to host) ;-; Jul 29 13:12:25 scaqae12dv0301m iscsid[17061]: iscsid: connect to 192.170.52.55:3260 failed (No route to host) ;-; Jul 29 13:12:25 scaqae12dv0301m iscsid[17061]: iscsid: connect to 192.170.52.54:3260 failed (No route to host),scaqae12dv0301m
Jul 29 13:12:32 scaqae12dv0301m iscsid[17061]: iscsid: connect to 192.170.52.55:3260 failed (No route to host) ;-; Jul 29 13:12:32 scaqae12dv0301m iscsid[17061]: iscsid: connect to 192.170.52.54:3260 failed (No route to host) ;-; Jul 29 13:12:32 scaqae12dv0301m iscsid[17061]: iscsid: connect to 192.170.52.55:3260 failed (No route to host) ;-; Jul 29 13:12:32 scaqae12dv0301m iscsid[17061]: iscsid: connect to 192.170.52.54:3260 failed (No route to host),scaqae12dv0301m
Jul 29 13:12:39 scaqae12dv0301m iscsid[17061]: iscsid: connect to 192.170.52.55:3260 failed (No route to host) ;-; Jul 29 13:12:39 scaqae12dv0301m iscsid[17061]: iscsid: connect to 192.170.52.54:3260 failed (No route to host) ;-; Jul 29 13:12:39 scaqae12dv0301m iscsid[17061]: iscsid: connect to 192.170.52.55:3260 failed (No route to host) ;-; Jul 29 13:12:39 scaqae12dv0301m iscsid[17061]: iscsid: connect to 192.170.52.54:3260 failed (No route to host),scaqae12dv0301m
Jul 29 13:12:46 scaqae12dv0301m iscsid[17061]: iscsid: connect to 192.170.52.55:3260 failed (No route to host) ;-; Jul 29 13:12:46 scaqae12dv0301m iscsid[17061]: iscsid: connect to 192.170.52.54:3260 failed (No route to host) ;-; Jul 29 13:12:46 scaqae12dv0301m iscsid[17061]: iscsid: connect to 192.170.52.55:3260 failed (No route to host) ;-; Jul 29 13:12:46 scaqae12dv0301m iscsid[17061]: iscsid: connect to 192.170.52.54:3260 failed (No route to host) ;-; Jul 29 13:12:46 scaqae12dv0301m iscsid[17061]: iscsid: connect to 192.170.52.54:3260 failed (No route to host),scaqae12dv0301m
Jul 29 13:12:53 scaqae12dv0301m iscsid[17061]: iscsid: connect to 192.170.52.55:3260 failed (No route to host) ;-; Jul 29 13:12:53 scaqae12dv0301m iscsid[17061]: iscsid: connect to 192.170.52.54:3260 failed (No route to host) ;-; Jul 29 13:12:53 scaqae12dv0301m iscsid[17061]: iscsid: connect to 192.170.52.55:3260 failed (No route to host) ;-; Jul 29 13:12:53 scaqae12dv0301m iscsid[17061]: iscsid: connect to 192.170.52.55:3260 failed (No route to host) ;-; Jul 29 13:12:53 scaqae12dv0301m iscsid[17061]: iscsid: connect to 192.170.52.54:3260 failed (No route to host),scaqae12dv0301m
Jul 29 13:13:00 scaqae12dv0301m iscsid[17061]: iscsid: connect to 192.170.52.55:3260 failed (No route to host) ;-; Jul 29 13:13:00 scaqae12dv0301m iscsid[17061]: iscsid: connect to 192.170.52.55:3260 failed (No route to host) ;-; Jul 29 13:13:00 scaqae12dv0301m iscsid[17061]: iscsid: connect to 192.170.52.54:3260 failed (No route to host) ;-; Jul 29 13:13:00 scaqae12dv0301m iscsid[17061]: iscsid: connect to 192.170.52.55:3260 failed (No route to host) ;-; Jul 29 13:13:00 scaqae12dv0301m iscsid[17061]: iscsid: connect to 192.170.52.54:3260 failed (No route to host),scaqae12dv0301m
Jul 29 13:13:07 scaqae12dv0301m iscsid[17061]: iscsid: connect to 192.170.52.54:3260 failed (No route to host) ;-; Jul 29 13:13:07 scaqae12dv0301m iscsid[17061]: iscsid: connect to 192.170.52.55:3260 failed (No route to host) ;-; Jul 29 13:13:07 scaqae12dv0301m iscsid[17061]: iscsid: connect to 192.170.52.54:3260 failed (No route to host) ;-; Jul 29 13:13:07 scaqae12dv0301m iscsid[17061]: iscsid: connect to 192.170.52.55:3260 failed (No route to host) ;-; Jul 29 13:13:08 scaqae12dv0301m iscsid[17061]: iscsid: connect to 192.170.52.55:3260 failed (No route to host),scaqae12dv0301m
Jul 29 13:13:14 scaqae12dv0301m iscsid[17061]: iscsid: connect to 192.170.52.54:3260 failed (No route to host) ;-; Jul 29 13:13:14 scaqae12dv0301m iscsid[17061]: iscsid: connect to 192.170.52.55:3260 failed (No route to host) ;-; Jul 29 13:13:14 scaqae12dv0301m iscsid[17061]: iscsid: connect to 192.170.52.55:3260 failed (No route to host) ;-; Jul 29 13:13:14 scaqae12dv0301m iscsid[17061]: iscsid: connect to 192.170.52.54:3260 failed (No route to host) ;-; Jul 29 13:13:14 scaqae12dv0301m iscsid[17061]: iscsid: connect to 192.170.52.55:3260 failed (No route to host) ;-; Jul 29 13:13:14 scaqae12dv0301m iscsid[17061]: iscsid: connect to 192.170.52.54:3260 failed (No route to host) ;-; Jul 29 13:13:14 scaqae12dv0301m iscsid[17061]: iscsid: connect to 192.170.52.55:3260 failed (No route to host) ;-; Jul 29 13:13:15 scaqae12dv0301m iscsid[17061]: iscsid: connect to 192.170.52.55:3260 failed (No route to host),scaqae12dv0301m
Jul 29 13:13:21 scaqae12dv0301m iscsid[17061]: iscsid: connect to 192.170.52.54:3260 failed (No route to host) ;-; Jul 29 13:13:21 scaqae12dv0301m iscsid[17061]: iscsid: connect to 192.170.52.55:3260 failed (No route to host) ;-; Jul 29 13:13:21 scaqae12dv0301m iscsid[17061]: iscsid: connect to 192.170.52.54:3260 failed (No route to host) ;-; Jul 29 13:13:21 scaqae12dv0301m iscsid[17061]: iscsid: connect to 192.170.52.55:3260 failed (No route to host) ;-; Jul 29 13:13:21 scaqae12dv0301m iscsid[17061]: iscsid: connect to 192.170.52.54:3260 failed (No route to host) ;-; Jul 29 13:13:21 scaqae12dv0301m iscsid[17061]: iscsid: connect to 192.170.52.55:3260 failed (No route to host) ;-; Jul 29 13:13:21 scaqae12dv0301m iscsid[17061]: iscsid: connect to 192.170.52.54:3260 failed (No route to host) ;-; Jul 29 13:13:21 scaqae12dv0301m iscsid[17061]: iscsid: connect to 192.170.52.54:3260 failed (No route to host) ;-; Jul 29 13:13:22 scaqae12dv0301m iscsid[17061]: iscsid: connect to 192.170.52.55:3260 failed (No route to host),scaqae12dv0301m
Jul 29 13:13:28 scaqae12dv0301m iscsid[17061]: iscsid: connect to 192.170.52.55:3260 failed (No route to host) ;-; Jul 29 13:13:28 scaqae12dv0301m iscsid[17061]: iscsid: connect to 192.170.52.54:3260 failed (No route to host) ;-; Jul 29 13:13:28 scaqae12dv0301m iscsid[17061]: iscsid: connect to 192.170.52.55:3260 failed (No route to host) ;-; Jul 29 13:13:28 scaqae12dv0301m iscsid[17061]: iscsid: connect to 192.170.52.54:3260 failed (No route to host) ;-; Jul 29 13:13:28 scaqae12dv0301m iscsid[17061]: iscsid: connect to 192.170.52.55:3260 failed (No route to host) ;-; Jul 29 13:13:28 scaqae12dv0301m iscsid[17061]: iscsid: connect to 192.170.52.54:3260 failed (No route to host) ;-; Jul 29 13:13:29 scaqae12dv0301m iscsid[17061]: iscsid: connect to 192.170.52.55:3260 failed (No route to host) ;-; Jul 29 13:13:29 scaqae12dv0301m iscsid[17061]: iscsid: connect to 192.170.52.54:3260 failed (No route to host),scaqae12dv0301m
Jul 29 13:13:35 scaqae12dv0301m iscsid[17061]: iscsid: connect to 192.170.52.55:3260 failed (No route to host) ;-; Jul 29 13:13:35 scaqae12dv0301m iscsid[17061]: iscsid: connect to 192.170.52.54:3260 failed (No route to host) ;-; Jul 29 13:13:35 scaqae12dv0301m iscsid[17061]: iscsid: connect to 192.170.52.55:3260 failed (No route to host) ;-; Jul 29 13:13:35 scaqae12dv0301m iscsid[17061]: iscsid: connect to 192.170.52.54:3260 failed (No route to host) ;-; Jul 29 13:13:35 scaqae12dv0301m iscsid[17061]: iscsid: connect to 192.170.52.55:3260 failed (No route to host) ;-; Jul 29 13:13:35 scaqae12dv0301m iscsid[17061]: iscsid: connect to 192.170.52.54:3260 failed (No route to host) ;-; Jul 29 13:13:36 scaqae12dv0301m iscsid[17061]: iscsid: connect to 192.170.52.54:3260 failed (No route to host) ;-; Jul 29 13:13:36 scaqae12dv0301m iscsid[17061]: iscsid: connect to 192.170.52.55:3260 failed (No route to host),scaqae12dv0301m
Jul 29 13:13:42 scaqae12dv0301m iscsid[17061]: iscsid: connect to 192.170.52.54:3260 failed (No route to host) ;-; Jul 29 13:13:42 scaqae12dv0301m iscsid[17061]: iscsid: connect to 192.170.52.55:3260 failed (No route to host) ;-; Jul 29 13:13:42 scaqae12dv0301m iscsid[17061]: iscsid: connect to 192.170.52.54:3260 failed (No route to host) ;-; Jul 29 13:13:42 scaqae12dv0301m iscsid[17061]: iscsid: connect to 192.170.52.55:3260 failed (No route to host) ;-; Jul 29 13:13:42 scaqae12dv0301m iscsid[17061]: iscsid: connect to 192.170.52.54:3260 failed (No route to host) ;-; Jul 29 13:13:42 scaqae12dv0301m iscsid[17061]: iscsid: connect to 192.170.52.55:3260 failed (No route to host) ;-; Jul 29 13:13:42 scaqae12dv0301m iscsid[17061]: iscsid: connect to 192.170.52.54:3260 failed (No route to host) ;-; Jul 29 13:13:42 scaqae12dv0301m iscsid[17061]: iscsid: connect to 192.170.52.55:3260 failed (No route to host),scaqae12dv0301m
Jul 29 13:13:49 scaqae12dv0301m iscsid[17061]: iscsid: connect to 192.170.52.55:3260 failed (No route to host) ;-; Jul 29 13:13:49 scaqae12dv0301m iscsid[17061]: iscsid: connect to 192.170.52.54:3260 failed (No route to host) ;-; Jul 29 13:13:49 scaqae12dv0301m iscsid[17061]: iscsid: connect to 192.170.52.55:3260 failed (No route to host) ;-; Jul 29 13:13:49 scaqae12dv0301m iscsid[17061]: iscsid: connect to 192.170.52.54:3260 failed (No route to host) ;-; Jul 29 13:13:49 scaqae12dv0301m iscsid[17061]: iscsid: connect to 192.170.52.55:3260 failed (No route to host) ;-; Jul 29 13:13:49 scaqae12dv0301m iscsid[17061]: iscsid: connect to 192.170.52.54:3260 failed (No route to host) ;-; Jul 29 13:13:49 scaqae12dv0301m iscsid[17061]: iscsid: connect to 192.170.52.55:3260 failed (No route to host) ;-; Jul 29 13:13:49 scaqae12dv0301m iscsid[17061]: iscsid: connect to 192.170.52.54:3260 failed (No route to host) ;-; Jul 29 13:13:50 scaqae12dv0301m iscsid[17061]: iscsid: connect to 192.170.52.55:3260 failed (No route to host),scaqae12dv0301m
Jul 27 19:22:01 scaqat02client01vm01 kernel: tsc: Marking TSC unstable due to TSCs unsynchronized ;-; Jul 27 19:22:01 scaqat02client01vm01 systemd-vconsole-setup[906]: KD_FONT_OP_GET failed while trying to get the font metadata: Invalid argument,scaqat02client01vm01
Jul 27 19:22:04 scaqat02client01vm01 systemd-vconsole-setup[1780]: KD_FONT_OP_GET failed while trying to get the font metadata: Invalid argument ;-; Jul 27 19:22:04 scaqat02client01vm01 systemd-vconsole-setup[1830]: KD_FONT_OP_GET failed while trying to get the font metadata: Invalid argument,scaqat02client01vm01
Jul 27 19:22:24 scaqat02client01vm01 rngd[8693]: [hwrng ]: Initialization Failed,scaqat02client01vm01
Jul 27 19:22:38 scaqat02client01vm01 kdumpctl[14161]: kdump: Failed to mount LABEL=DBORA for kdump preflight check. ;-; Jul 27 19:22:38 scaqat02client01vm01 kdumpctl[13648]: kdump: mkdumprd: failed to make kdump initrd ;-; Jul 27 19:22:39 scaqat02client01vm01 systemd[1]: kdump.service: Failed with result 'exit-code'. ;-; Jul 27 19:22:39 scaqat02client01vm01 systemd[1]: Failed to start Crash recovery kernel arming.,scaqat02client01vm01
Jul 27 20:54:08 scaqat02client01vm01 kernel: tsc: Marking TSC unstable due to TSCs unsynchronized ;-; Jul 27 20:54:08 scaqat02client01vm01 systemd-vconsole-setup[881]: KD_FONT_OP_GET failed while trying to get the font metadata: Invalid argument,scaqat02client01vm01
Jul 27 20:54:12 scaqat02client01vm01 systemd-vconsole-setup[1739]: KD_FONT_OP_GET failed while trying to get the font metadata: Invalid argument ;-; Jul 27 20:54:12 scaqat02client01vm01 systemd-vconsole-setup[1789]: KD_FONT_OP_GET failed while trying to get the font metadata: Invalid argument,scaqat02client01vm01
Jul 27 20:54:33 scaqat02client01vm01 rngd[10218]: [hwrng ]: Initialization Failed,scaqat02client01vm01
Jul 27 19:23:00 scaqat02client01vm04 kernel: tsc: Marking TSC unstable due to TSCs unsynchronized ;-; Jul 27 19:23:00 scaqat02client01vm04 systemd-vconsole-setup[922]: KD_FONT_OP_GET failed while trying to get the font metadata: Invalid argument,scaqat02client01vm04
Jul 27 19:23:03 scaqat02client01vm04 systemd-vconsole-setup[1865]: KD_FONT_OP_GET failed while trying to get the font metadata: Invalid argument ;-; Jul 27 19:23:04 scaqat02client01vm04 systemd-vconsole-setup[1925]: KD_FONT_OP_GET failed while trying to get the font metadata: Invalid argument,scaqat02client01vm04
Jul 27 19:23:24 scaqat02client01vm04 rngd[8805]: [hwrng ]: Initialization Failed,scaqat02client01vm04
Jul 27 19:23:38 scaqat02client01vm04 kdumpctl[14235]: kdump: Failed to mount LABEL=DBORA for kdump preflight check. ;-; Jul 27 19:23:38 scaqat02client01vm04 kdumpctl[13689]: kdump: mkdumprd: failed to make kdump initrd ;-; Jul 27 19:23:38 scaqat02client01vm04 systemd[1]: kdump.service: Failed with result 'exit-code'. ;-; Jul 27 19:23:38 scaqat02client01vm04 systemd[1]: Failed to start Crash recovery kernel arming.,scaqat02client01vm04
Jul 27 20:53:40 scaqat02client01vm04 systemd[1]: Failed unmounting /tmp.,scaqat02client01vm04
Jul 27 20:54:16 scaqat02client01vm04 kernel: tsc: Marking TSC unstable due to TSCs unsynchronized ;-; Jul 27 20:54:16 scaqat02client01vm04 systemd-vconsole-setup[881]: KD_FONT_OP_GET failed while trying to get the font metadata: Invalid argument ;-; Jul 27 20:54:18 scaqat02client01vm04 systemd-vconsole-setup[1734]: KD_FONT_OP_GET failed while trying to get the font metadata: Invalid argument ;-; Jul 27 20:54:18 scaqat02client01vm04 systemd-vconsole-setup[1781]: KD_FONT_OP_GET failed while trying to get the font metadata: Invalid argument,scaqat02client01vm04
Jul 27 20:54:38 scaqat02client01vm04 rngd[8697]: [hwrng ]: Initialization Failed,scaqat02client01vm04
Jul 27 20:53:59 scaqat02client02vm02 kernel: tsc: Marking TSC unstable due to TSCs unsynchronized,scaqat02client02vm02
